index,status,pokedex_number,generation,type_1,type_2,evolutionary_stage,height_m,weight_kg,ability_1,ability_2,ability_hidden,total_points,catch_rate,base_friendship,base_experience,growth_rate,egg_group_1,egg_group_2,percentage_male,egg_cycles
0,0,1,1,10,14,0,0.7,6.9,65,0,34,318,45,50,64,4,7,1,87.5,20
1,0,2,1,10,14,1,1,13,65,0,34,405,45,50,142,4,7,1,87.5,20
2,0,3,1,10,14,2,2,100,65,0,34,525,45,50,263,4,7,1,87.5,20
3,0,3,6,10,14,2,2.4,155.5,47,0,0,625,45,50,313,4,7,1,87.5,20
4,0,4,1,7,0,0,0.6,8.5,66,0,94,309,45,50,62,4,14,1,87.5,20
5,0,5,1,7,0,0,1.1,19,66,0,94,405,45,50,142,4,14,1,87.5,20
6,0,6,1,7,8,1,1.7,90.5,66,0,94,534,45,50,267,4,14,1,87.5,20
7,0,6,6,7,3,2,1.7,110.5,181,0,0,634,45,50,317,4,14,1,87.5,20
8,0,6,6,7,8,2,1.7,100.5,70,0,0,634,45,50,317,4,14,1,87.5,20
9,0,7,1,18,0,0,0.5,9,67,0,44,314,45,50,63,4,1,2,87.5,20
10,0,8,1,18,0,1,1,22.5,67,0,44,405,45,50,142,4,1,2,87.5,20
11,0,9,1,18,0,2,1.6,85.5,67,0,44,530,45,50,265,4,1,2,87.5,20
12,0,9,6,18,0,2,1.6,101.1,178,0,0,630,45,50,315,4,1,2,87.5,20
13,0,10,1,1,0,0,0.3,2.9,19,0,50,195,255,50,39,3,3,0,50,15
14,0,11,1,1,0,1,0.7,9.9,61,0,0,205,120,50,72,3,3,0,50,15
15,0,12,1,1,8,2,1.1,32,14,0,110,395,45,50,178,3,3,0,50,15
16,0,13,1,1,14,0,0.3,3.2,19,0,50,195,255,50,39,3,3,0,50,15
17,0,14,1,1,14,1,0.6,10,61,0,0,205,120,50,72,3,3,0,50,15
18,0,15,1,1,14,2,1,29.5,68,0,97,395,45,50,178,3,3,0,50,15
19,0,15,6,1,14,2,1.4,40.5,91,0,0,495,45,50,248,3,3,0,50,15
20,0,16,1,13,8,0,0.3,1.8,51,77,145,251,255,50,50,4,4,0,50,15
21,0,17,1,13,8,1,1.1,30,51,77,145,349,120,50,122,4,4,0,50,15
22,0,18,1,13,8,2,1.5,39.5,51,77,145,479,45,50,240,4,4,0,50,15
23,0,18,6,13,8,2,2.2,50.5,99,0,0,579,45,50,290,4,4,0,50,15
24,0,19,1,13,0,0,0.3,3.5,50,62,55,253,255,50,51,3,5,0,50,15
25,0,19,7,2,13,0,0.3,3.8,82,55,47,253,255,50,51,3,5,0,50,15
26,0,20,1,13,0,1,0.7,18.5,50,62,55,413,127,50,145,3,5,0,50,15
27,0,20,7,2,13,1,0.7,25.5,82,55,47,413,127,50,145,3,5,0,50,15
28,0,21,1,13,8,0,0.3,2,51,0,97,262,255,50,52,3,4,0,50,15
29,0,22,1,13,8,1,1.2,38,51,0,97,442,90,50,155,3,4,0,50,15
30,0,23,1,14,0,0,2,6.9,22,61,127,288,255,50,58,3,14,5,50,20
31,0,24,1,14,0,1,3.5,65,22,61,127,448,90,50,157,3,14,5,50,20
32,0,25,1,4,0,0,0.4,6,9,0,31,320,190,50,112,3,6,5,50,10
33,0,25,7,4,0,-1,0.4,6,0,0,31,430,190,50,112,3,0,0,50,10
34,0,26,1,4,0,1,0.8,30,9,0,31,485,75,50,243,3,6,5,50,10
35,0,26,7,4,15,1,0.7,21,207,0,0,485,75,50,243,3,6,5,50,10
36,0,27,1,11,0,0,0.6,12,8,0,146,300,255,50,60,3,5,0,50,20
37,0,27,7,12,17,0,0.7,40,81,0,202,300,255,50,60,3,5,0,50,20
38,0,28,1,11,0,1,1,29.5,8,0,146,450,90,50,158,3,5,0,50,20
39,0,28,7,12,17,1,1.2,55,81,0,202,450,90,50,158,3,5,0,50,20
40,0,29,1,14,0,0,0.4,7,38,79,55,275,235,50,55,4,5,1,0,20
41,0,30,1,14,0,1,0.8,20,38,79,55,365,120,50,128,4,15,0,0,20
42,0,31,1,14,11,2,1.3,60,38,79,125,505,45,50,253,4,15,0,0,20
43,0,32,1,14,0,0,0.5,9,38,79,55,273,235,50,55,4,5,1,100,20
44,0,33,1,14,0,1,0.9,19.5,38,79,55,365,120,50,128,4,5,1,100,20
45,0,34,1,14,11,2,1.4,62,38,79,125,505,45,50,253,4,5,1,100,20
46,0,35,1,5,0,0,0.6,7.5,56,98,132,323,150,140,113,2,6,0,25,10
47,0,36,1,5,0,1,1.3,40,56,98,109,483,25,140,242,2,6,0,25,10
48,0,37,1,7,0,0,0.6,9.9,18,0,70,299,190,50,60,3,5,0,25,20
49,0,37,7,12,0,0,0.6,9.9,81,0,117,299,190,50,60,3,5,0,25,20
50,0,38,1,7,0,1,1.1,19.9,18,0,70,505,75,50,177,3,5,0,25,20
51,0,38,7,12,5,1,1.1,19.9,81,0,117,505,75,50,177,3,5,0,25,20
52,0,39,1,13,5,1,0.5,5.5,56,172,132,270,170,50,95,2,6,0,25,10
53,0,40,1,13,5,2,1,12,56,172,119,435,50,50,218,2,6,0,25,10
54,0,41,1,14,8,0,0.8,7.5,39,0,151,245,255,50,49,3,4,0,50,15
55,0,42,1,14,8,1,1.6,55,39,0,151,455,90,50,159,3,4,0,50,15
56,0,43,1,10,14,0,0.5,5.4,34,0,50,320,255,50,64,4,7,0,50,20
57,0,44,1,10,14,1,0.8,8.6,34,0,1,395,120,50,138,4,7,0,50,20
58,0,45,1,10,14,2,1.2,18.6,34,0,27,490,45,50,245,4,7,0,50,20
59,0,46,1,1,10,0,0.3,5.4,27,87,6,285,190,50,57,3,3,7,50,20
60,0,47,1,1,10,1,1,29.5,27,87,6,405,75,50,142,3,3,7,50,20
61,0,48,1,1,14,0,1,30,14,110,50,305,190,50,61,3,3,0,50,20
62,0,49,1,1,14,1,1.5,12.5,19,110,147,450,75,50,158,3,3,0,50,20
63,0,50,1,11,0,0,0.2,0.8,8,71,159,265,255,50,53,3,5,0,50,20
64,0,50,7,11,17,0,0.2,1,8,221,159,265,255,50,53,3,5,0,50,20
65,0,51,1,11,0,1,0.7,33.3,8,71,159,425,50,50,149,3,5,0,50,20
66,0,51,7,11,17,1,0.7,66.6,8,221,159,425,50,50,149,3,5,0,50,20
67,0,52,1,13,0,0,0.4,4.2,53,101,127,290,255,50,58,3,5,0,50,20
68,0,52,7,2,0,0,0.4,4.2,53,101,155,290,255,50,58,3,5,0,50,20
69,0,52,8,17,0,0,0.4,7.5,53,181,127,290,255,50,58,3,5,0,0,20
70,0,53,1,13,0,1,1,32,7,101,127,440,90,50,154,3,5,0,50,20
71,0,53,7,2,0,1,1.1,33,169,101,155,440,90,50,154,3,5,0,50,20
72,0,54,1,18,0,0,0.8,19.6,6,13,33,320,190,50,64,3,5,2,50,20
73,0,55,1,18,0,1,1.7,76.6,6,13,33,500,75,50,175,3,5,2,50,20
74,0,56,1,6,0,0,0.5,28,72,83,128,305,190,50,61,3,5,0,50,20
75,0,57,1,6,0,1,1,32,72,83,128,455,75,50,159,3,5,0,50,20
76,0,58,1,7,0,0,0.7,19,22,18,154,350,190,50,70,5,5,0,75,20
77,0,59,1,7,0,1,1.9,155,22,18,154,555,75,50,194,5,5,0,75,20
78,0,60,1,18,0,0,0.6,12.4,11,6,33,300,255,50,60,4,2,0,50,20
79,0,61,1,18,0,1,1,20,11,6,33,385,120,50,135,4,2,0,50,20
80,0,62,1,18,6,2,1.3,54,11,6,33,510,45,50,255,4,2,0,50,20
81,0,63,1,15,0,0,0.9,19.5,28,39,98,310,200,50,62,4,8,0,75,20
82,0,64,1,15,0,1,1.3,56.5,28,39,98,400,100,50,140,4,8,0,75,20
83,0,65,1,15,0,2,1.5,48,28,39,98,500,50,50,250,4,8,0,75,20
84,0,65,6,15,0,2,1.2,48,36,0,0,600,50,50,300,4,8,0,75,20
85,0,66,1,6,0,0,0.8,19.5,62,99,80,305,180,50,61,4,8,0,75,20
86,0,67,1,6,0,1,1.5,70.5,62,99,80,405,90,50,142,4,8,0,75,20
87,0,68,1,6,0,2,1.6,130,62,99,80,505,45,50,253,4,8,0,75,20
88,0,69,1,10,14,0,0.7,4,34,0,82,300,255,50,60,4,7,0,50,20
89,0,70,1,10,14,1,1,6.4,34,0,82,390,120,50,137,4,7,0,50,20
90,0,71,1,10,14,2,1.7,15.5,34,0,82,490,45,50,245,4,7,0,50,20
91,0,72,1,18,14,0,0.9,45.5,29,64,44,335,190,50,67,5,9,0,50,20
92,0,73,1,18,14,1,1.6,55,29,64,44,515,60,50,180,5,9,0,50,20
93,0,74,1,16,11,0,0.4,20,69,5,8,300,255,50,60,4,10,0,50,15
94,0,74,7,16,4,0,0.4,20.3,42,5,206,300,255,50,60,4,10,0,50,15
95,0,75,1,16,11,1,1,105,69,5,8,390,120,50,137,4,10,0,50,15
96,0,75,7,16,4,1,1,110,42,5,206,390,120,50,137,4,10,0,50,15
97,0,76,1,16,11,2,1.4,300,69,5,8,495,45,50,248,4,10,0,50,15
98,0,76,7,16,4,2,1.7,316,42,5,206,495,45,50,248,4,10,0,50,15
99,0,77,1,7,0,0,1,30,50,18,49,410,190,50,82,3,5,0,50,20
100,0,77,8,15,0,0,0.8,24,50,257,107,410,190,50,82,3,5,0,0,20
101,0,78,1,7,0,1,1.7,95,50,18,49,500,60,50,175,3,5,0,50,20
102,0,78,8,15,5,1,1.7,80,50,257,107,500,60,50,175,3,5,0,0,20
103,0,79,1,18,15,0,1.2,36,12,20,144,315,190,50,63,3,1,2,50,20
104,0,79,8,15,0,0,1.2,36,82,20,144,315,190,50,63,3,1,2,50,20
105,0,80,1,18,15,1,1.6,78.5,12,20,144,490,75,50,172,3,1,2,50,20
106,0,80,6,18,15,1,2,120,75,0,0,590,75,50,207,3,1,2,50,20
107,0,80,8,14,15,1,1.6,70.5,259,20,144,490,75,50,172,3,1,2,50,20
108,0,81,1,4,17,0,0.3,6,42,5,148,325,190,50,65,3,10,0,0,20
109,0,82,1,4,17,1,1,60,42,5,148,465,60,50,163,3,10,0,0,20
110,0,83,1,13,8,-1,0.8,15,51,39,128,377,45,50,132,3,5,4,50,20
111,0,83,8,6,0,0,0.8,42,80,0,113,377,45,50,132,3,5,4,0,20
112,0,84,1,13,8,0,1.4,39.2,50,48,77,310,190,50,62,3,4,0,50,20
113,0,85,1,13,8,1,1.8,85.2,50,48,77,470,45,50,165,3,4,0,50,20
114,0,86,1,18,0,0,1.1,90,47,93,115,325,190,50,65,3,5,2,50,20
115,0,87,1,18,12,1,1.7,120,47,93,115,475,75,50,166,3,5,2,50,20
116,0,88,1,14,0,0,0.9,30,1,60,143,325,190,50,65,3,11,0,50,20
117,0,88,7,14,2,0,0.7,42,143,82,223,325,190,50,65,3,11,0,50,20
118,0,89,1,14,0,1,1.2,30,1,60,143,500,75,50,175,3,11,0,50,20
119,0,89,7,14,2,1,1,52,143,82,223,500,75,50,175,3,11,0,50,20
120,0,90,1,18,0,0,0.3,4,75,92,142,305,190,50,61,5,9,0,50,20
121,0,91,1,18,12,1,1.5,132.5,75,92,142,525,60,50,184,5,9,0,50,20
122,0,92,1,9,14,0,1.3,0.1,26,0,0,310,190,50,62,4,11,0,50,20
123,0,93,1,9,14,1,1.6,0.1,26,0,0,405,90,50,142,4,11,0,50,20
124,0,94,1,9,14,2,1.5,40.5,130,0,0,500,45,50,250,4,11,0,50,20
125,0,94,6,9,14,2,1.4,40.5,23,0,0,600,45,50,300,4,11,0,50,20
126,0,95,1,16,11,0,8.8,210,69,5,133,385,45,50,77,3,10,0,50,25
127,0,96,1,15,0,0,1,32.4,15,108,39,328,190,50,66,3,8,0,50,20
128,0,97,1,15,0,1,1.6,75.6,15,108,39,483,75,50,169,3,8,0,50,20
129,0,98,1,18,0,0,0.4,6.5,52,75,125,325,225,50,65,3,9,0,50,20
130,0,99,1,18,0,1,1.3,60,52,75,125,475,60,50,166,3,9,0,50,20
131,0,100,1,4,0,0,0.5,10.4,43,9,106,330,190,50,66,3,10,0,0,20
132,0,101,1,4,0,1,1.2,66.6,43,9,106,490,60,50,172,3,10,0,0,20
133,0,102,1,10,15,0,0.4,2.5,34,0,139,325,90,50,65,5,7,0,50,20
134,0,103,1,10,15,1,2,120,34,0,139,530,45,50,186,5,7,0,50,20
135,0,103,7,10,3,1,10.9,415.6,119,0,139,530,45,50,186,5,7,0,50,20
136,0,104,1,11,0,0,0.4,6.5,69,31,4,320,190,50,64,3,1,0,50,20
137,0,105,1,11,0,1,1,45,69,31,4,425,75,50,149,3,1,0,50,20
138,0,105,7,7,9,1,1,34,130,31,69,425,75,50,149,3,1,0,50,20
139,0,106,1,6,0,1,1.5,49.8,7,120,84,455,45,50,159,3,8,0,100,25
140,0,107,1,6,0,1,1.4,50.2,51,89,39,455,45,50,159,3,8,0,100,25
141,0,108,1,13,0,0,1.2,65.5,20,12,13,385,45,50,77,3,1,0,50,20
142,0,109,1,14,0,0,0.6,1,26,256,1,340,190,50,68,3,11,0,50,20
143,0,110,1,14,0,1,1.2,9.5,26,256,1,490,60,50,172,3,11,0,50,20
144,0,110,8,14,5,1,3,16,26,256,228,490,60,50,172,3,11,0,0,20
145,0,111,1,11,16,0,1,115,31,69,120,345,120,50,69,5,5,1,50,20
146,0,112,1,11,16,1,1.9,120,31,69,120,485,60,50,170,5,5,1,50,20
147,0,113,1,13,0,1,1.1,34.6,30,32,131,450,30,140,395,2,6,0,0,40
148,0,114,1,10,0,0,1,35,34,102,144,435,45,50,87,3,7,0,50,20
149,0,115,1,13,0,-1,2.2,80,48,113,39,490,45,50,172,3,1,0,0,20
150,0,115,6,13,0,-1,2.2,100,185,0,0,590,45,50,207,3,1,0,0,20
151,0,116,1,18,0,0,0.4,8,33,97,6,295,225,50,59,3,14,2,50,20
152,0,117,1,18,0,1,1.2,25,38,97,6,440,75,50,154,3,14,2,50,20
153,0,118,1,18,0,0,0.6,15,33,41,31,320,225,50,64,3,12,0,50,20
154,0,119,1,18,0,1,1.3,39,33,41,31,450,60,50,158,3,12,0,50,20
155,0,120,1,18,0,0,0.8,34.5,35,30,148,340,225,50,68,5,9,0,0,20
156,0,121,1,18,15,1,1.1,80,35,30,148,520,60,50,182,5,9,0,0,20
157,0,122,1,15,5,1,1.3,54.5,43,111,101,460,45,50,161,3,8,0,50,25
158,0,122,8,15,12,1,1.4,56.8,72,251,115,460,45,50,161,3,8,0,0,25
159,0,123,1,1,8,0,1.5,56,68,101,80,500,45,50,100,3,3,0,50,25
160,0,124,1,12,15,1,1.4,40.6,12,108,87,455,45,50,159,3,8,0,0,25
161,0,125,1,4,0,1,1.1,30,9,0,72,490,45,50,172,3,8,0,75,25
162,0,126,1,7,0,1,1.3,44.5,49,0,72,495,45,50,173,3,8,0,75,25
163,0,127,1,1,0,-1,1.5,55,52,104,153,500,45,50,175,5,3,0,50,25
164,0,127,6,1,8,-1,1.7,59,184,0,0,600,45,50,210,5,3,0,50,25
165,0,128,1,13,0,-1,1.4,88.4,22,83,125,490,45,50,172,5,5,0,100,20
166,0,129,1,18,0,0,0.9,10,33,0,155,200,255,50,40,5,14,12,50,5
167,0,130,1,18,8,1,6.5,235,22,0,153,540,45,50,189,5,14,12,50,5
168,0,130,6,18,2,1,6.5,305,104,0,0,640,45,50,224,5,14,12,50,5
169,0,131,1,18,12,-1,2.5,220,11,75,93,535,45,50,187,5,1,2,50,40
170,0,132,1,13,0,-1,0.3,4,7,0,150,288,35,50,101,3,13,0,0,20
171,0,133,1,13,0,0,0.3,6.5,50,91,107,325,45,50,65,3,5,0,87.5,35
172,0,133,7,13,0,-1,0.3,6.5,0,0,107,435,45,50,65,3,0,0,87.5,35
173,0,134,1,18,0,1,1,29,11,0,93,525,45,50,184,3,5,0,87.5,35
174,0,135,1,4,0,1,0.8,24.5,10,0,95,525,45,50,184,3,5,0,87.5,35
175,0,136,1,7,0,1,0.9,25,18,0,62,525,45,50,184,3,5,0,87.5,35
176,0,137,1,13,0,0,0.8,36.5,36,88,148,395,45,50,79,3,10,0,0,20
177,0,138,1,16,18,0,0.4,7.5,33,75,133,355,45,50,71,3,2,9,87.5,30
178,0,139,1,16,18,1,1,35,33,75,133,495,45,50,173,3,2,9,87.5,30
179,0,140,1,16,18,0,0.5,11.5,33,4,133,355,45,50,71,3,2,9,87.5,30
180,0,141,1,16,18,1,1.3,40.5,33,4,133,495,45,50,173,3,2,9,87.5,30
181,0,142,1,16,8,-1,1.8,59,69,46,127,515,45,50,180,5,4,0,87.5,35
182,0,142,6,16,8,-1,2.1,79,181,0,0,615,45,50,215,5,4,0,87.5,35
183,0,143,1,13,0,-1,2.1,460,17,47,82,540,25,50,189,5,1,0,87.5,40
184,2,144,1,12,8,-1,1.7,55.4,46,0,81,580,3,35,290,5,15,0,0,80
185,2,144,8,15,8,-1,1.7,50.9,172,0,0,580,3,35,290,5,15,0,0,120
186,2,145,1,4,8,-1,1.6,52.6,46,0,9,580,3,35,290,5,15,0,0,80
187,2,145,8,6,8,-1,1.6,58.2,128,0,0,580,3,35,290,5,15,0,0,120
188,2,146,1,7,8,-1,2,60,46,0,49,580,3,35,290,5,15,0,0,80
189,2,146,8,2,8,-1,2,66,201,0,0,580,3,35,290,5,15,0,0,120
190,0,147,1,3,0,0,1.8,3.3,61,0,63,300,45,35,60,5,14,2,50,40
191,0,148,1,3,0,1,4,16.5,61,0,63,420,45,35,147,5,14,2,50,40
192,5,149,1,3,8,2,2.2,210,39,0,136,600,45,35,300,5,14,2,50,40
193,1,150,1,15,0,-1,2,122,46,0,127,680,3,0,340,5,15,0,0,120
194,1,150,6,15,6,-1,2.3,127,80,0,0,780,3,0,390,5,15,0,0,120
195,1,150,6,15,0,-1,1.5,33,15,0,0,780,3,0,390,5,15,0,0,120
196,3,151,1,15,0,-1,0.4,4,28,0,0,600,45,100,300,4,15,0,0,120
197,0,152,2,10,0,0,0.9,6.4,65,0,102,318,45,50,64,4,7,1,87.5,20
198,0,153,2,10,0,1,1.2,15.8,65,0,102,405,45,50,142,4,7,1,87.5,20
199,0,154,2,10,0,2,1.8,100.5,65,0,102,525,45,50,263,4,7,1,87.5,20
200,0,155,2,7,0,0,0.5,7.9,66,0,18,309,45,50,62,4,5,0,87.5,20
201,0,156,2,7,0,1,0.9,19,66,0,18,405,45,50,142,4,5,0,87.5,20
202,0,157,2,7,0,2,1.7,79.5,66,0,18,534,45,50,267,4,5,0,87.5,20
203,0,158,2,18,0,0,0.6,9.5,67,0,125,314,45,50,63,4,1,2,87.5,20
204,0,159,2,18,0,1,1.1,25,67,0,125,405,45,50,142,4,1,2,87.5,20
205,0,160,2,18,0,2,2.3,88.8,67,0,125,530,45,50,265,4,1,2,87.5,20
206,0,161,2,13,0,0,0.8,6,50,51,119,215,255,50,43,3,5,0,50,15
207,0,162,2,13,0,1,1.8,32.5,50,51,119,415,90,50,145,3,5,0,50,15
208,0,163,2,13,8,0,0.7,21.2,15,51,110,262,255,50,52,3,4,0,50,15
209,0,164,2,13,8,1,1.6,40.8,15,51,110,452,90,50,158,3,4,0,50,15
210,0,165,2,1,8,0,1,10.8,68,48,155,265,255,50,53,2,3,0,50,15
211,0,166,2,1,8,1,1.4,35.6,68,48,89,390,90,50,137,2,3,0,50,15
212,0,167,2,1,14,0,0.5,8.5,68,15,97,250,255,50,50,2,3,0,50,15
213,0,168,2,1,14,1,1.1,33.5,68,15,97,400,90,50,140,2,3,0,50,15
214,0,169,2,14,8,2,1.8,75,39,0,151,535,90,50,268,3,4,0,50,15
215,0,170,2,18,4,0,0.5,12,10,35,11,330,190,50,66,5,12,0,50,20
216,0,171,2,18,4,1,1.2,22.5,10,35,11,460,75,50,161,5,12,0,50,20
217,4,172,2,4,0,0,0.3,2,9,0,31,205,190,50,41,3,15,0,50,10
218,4,173,2,5,0,0,0.3,3,56,98,132,218,150,140,44,2,15,0,25,10
219,4,174,2,13,5,0,0.3,1,56,172,132,210,170,50,42,2,15,0,25,10
220,4,175,2,5,0,0,0.3,1.5,55,32,105,245,190,50,49,2,15,0,87.5,10
221,0,176,2,5,8,1,0.6,3.2,55,32,105,405,75,50,142,2,6,4,87.5,10
222,0,177,2,15,8,0,0.2,2,28,48,156,320,190,50,64,3,4,0,50,20
223,0,178,2,15,8,1,1.5,15,28,48,156,470,75,50,165,3,4,0,50,20
224,0,179,2,4,0,0,0.6,7.8,9,0,57,280,235,50,56,4,5,1,50,20
225,0,180,2,4,0,1,0.8,13.3,9,0,57,365,120,50,128,4,5,1,50,20
226,0,181,2,4,0,2,1.4,61.5,9,0,57,510,45,50,255,4,5,1,50,20
227,0,181,6,4,3,2,1.4,61.5,104,0,0,610,45,50,305,4,5,1,50,20
228,0,182,2,10,0,2,0.4,5.8,34,0,131,490,45,50,245,4,7,0,50,20
229,0,183,2,18,5,1,0.4,8.5,47,37,157,250,190,50,88,2,6,2,50,10
230,0,184,2,18,5,2,0.8,28.5,47,37,157,420,75,50,210,2,6,2,50,10
231,0,185,2,16,0,1,1.2,38,5,69,155,410,65,50,144,3,10,0,50,20
232,0,186,2,18,0,2,1.1,33.9,11,6,2,500,45,50,250,4,2,0,50,20
233,0,187,2,10,8,0,0.4,0.5,34,102,151,250,255,50,50,4,6,7,50,20
234,0,188,2,10,8,1,0.6,1,34,102,151,340,120,50,119,4,6,7,50,20
235,0,189,2,10,8,2,0.8,3,34,102,151,460,45,50,230,4,6,7,50,20
236,0,190,2,13,0,0,0.8,11.5,50,53,92,360,45,50,72,2,5,0,50,20
237,0,191,2,10,0,0,0.3,1.8,34,94,48,180,235,50,36,4,7,0,50,20
238,0,192,2,10,0,1,0.8,8.5,34,94,48,425,120,50,149,4,7,0,50,20
239,0,193,2,1,8,0,1.2,38,3,14,119,390,75,50,78,3,3,0,50,20
240,0,194,2,18,11,0,0.4,8.5,6,11,109,210,255,50,42,3,5,2,50,20
241,0,195,2,18,11,1,1.4,75,6,11,109,430,90,50,151,3,5,2,50,20
242,0,196,2,15,0,1,0.9,26.5,28,0,156,525,45,50,184,3,5,0,87.5,35
243,0,197,2,2,0,1,1,27,28,0,39,525,45,35,184,3,5,0,87.5,35
244,0,198,2,2,8,0,0.5,2.1,15,105,158,405,30,35,81,4,4,0,50,20
245,0,199,2,18,15,1,2,79.5,12,20,144,490,70,50,172,3,1,2,50,20
246,0,199,8,14,15,1,1.8,79.5,261,20,144,490,70,50,172,3,1,2,50,20
247,0,200,2,9,0,0,0.7,1,26,0,0,435,45,35,87,2,11,0,50,25
248,0,201,2,15,0,-1,0.5,5,26,0,0,336,225,50,118,3,15,0,0,40
249,0,202,2,15,0,1,1.3,28.5,23,0,140,405,45,50,142,3,11,0,50,20
250,0,203,2,13,15,-1,1.5,41.5,39,48,157,455,60,50,159,3,5,0,50,20
251,0,204,2,1,0,0,0.6,7.2,5,0,142,290,190,50,58,3,3,0,50,20
252,0,205,2,1,17,1,1.2,125.8,5,0,142,465,75,50,163,3,3,0,50,20
253,0,206,2,13,0,-1,1.5,14,32,50,155,415,190,50,145,3,5,0,50,20
254,0,207,2,11,8,0,1.1,64.8,52,8,17,430,60,50,86,4,3,0,50,20
255,0,208,2,17,11,1,9.2,400,69,5,125,510,25,50,179,3,10,0,50,25
256,0,208,6,17,11,1,10.5,740,159,0,0,610,25,50,214,3,10,0,50,25
257,0,209,2,5,0,0,0.6,7.8,22,50,155,300,190,50,60,2,6,5,25,20
258,0,210,2,5,0,1,1.4,48.7,22,95,155,450,75,50,158,2,6,5,25,20
259,0,211,2,18,14,-1,0.5,3.9,38,33,22,440,45,50,88,3,12,0,50,20
260,0,212,2,1,17,1,1.8,118,68,101,135,500,25,50,175,3,3,0,50,25
261,0,212,6,1,17,1,2,125,101,0,0,600,25,50,210,3,3,0,50,25
262,0,213,2,1,16,-1,0.6,20.5,5,82,126,505,190,50,177,4,3,0,50,20
263,0,214,2,1,6,-1,1.5,54,68,62,153,500,45,50,175,5,3,0,50,25
264,0,214,6,1,6,-1,1.7,62.5,92,0,0,600,45,50,210,5,3,0,50,25
265,0,215,2,2,12,0,0.9,28,39,51,124,430,60,35,86,4,5,0,50,20
266,0,216,2,13,0,0,0.6,8.8,53,95,118,330,120,50,66,3,5,0,50,20
267,0,217,2,13,0,1,1.8,125.8,62,95,127,500,60,50,175,3,5,0,50,20
268,0,218,2,7,0,0,0.7,35,40,49,133,250,190,50,50,3,11,0,50,20
269,0,219,2,7,16,1,0.8,55,40,49,133,430,75,50,151,3,11,0,50,20
270,0,220,2,12,11,0,0.4,6.5,12,81,47,250,225,50,50,5,5,0,50,20
271,0,221,2,12,11,1,1.1,55.8,12,81,47,450,75,50,158,5,5,0,50,20
272,0,222,2,18,16,-1,0.6,5,55,30,144,410,60,50,144,2,2,9,25,20
273,0,222,8,9,0,0,0.6,0.5,133,0,130,410,60,50,144,2,2,9,0,20
274,0,223,2,18,0,0,0.6,12,55,97,141,300,190,50,60,3,2,12,50,20
275,0,224,2,18,0,1,0.9,28.5,21,97,141,480,75,50,168,3,2,12,50,20
276,0,225,2,12,8,-1,0.9,16,72,55,15,330,45,50,116,2,5,2,50,20
277,0,226,2,18,8,1,2.1,220,33,11,41,485,25,50,170,5,2,0,50,25
278,0,227,2,17,8,-1,1.7,50.5,51,5,133,465,25,50,163,5,4,0,50,25
279,0,228,2,2,7,0,0.6,10.8,48,18,127,330,120,35,66,5,5,0,50,20
280,0,229,2,2,7,1,1.4,35,48,18,127,500,45,35,175,5,5,0,50,20
281,0,229,6,2,7,1,1.9,49.5,94,0,0,600,45,35,210,5,5,0,50,20
282,0,230,2,18,3,2,1.8,152,33,97,6,540,45,50,270,3,14,2,50,20
283,0,231,2,11,0,0,0.5,33.5,53,0,8,330,120,50,66,3,5,0,50,20
284,0,232,2,11,0,1,1.1,120,5,0,8,500,60,50,175,3,5,0,50,20
285,0,233,2,13,0,1,0.6,32.5,36,88,148,515,45,50,180,3,10,0,0,20
286,0,234,2,13,0,-1,1.4,71.2,22,119,157,465,45,50,163,5,5,0,50,20
287,0,235,2,13,0,-1,1.2,58,20,101,141,250,45,50,88,2,5,0,50,20
288,4,236,2,6,0,0,0.7,21,62,80,72,210,75,50,42,3,15,0,100,25
289,0,237,2,6,0,1,1.4,48,22,101,80,455,45,50,159,3,8,0,100,25
290,4,238,2,12,15,0,0.4,6,12,108,93,305,45,50,61,3,15,0,0,25
291,4,239,2,4,0,0,0.6,23.5,9,0,72,360,45,50,72,3,15,0,75,25
292,4,240,2,7,0,0,0.7,21.4,49,0,72,365,45,50,73,3,15,0,75,25
293,0,241,2,13,0,-1,1.2,75.5,47,113,157,490,45,50,172,5,5,0,0,20
294,0,242,2,13,0,2,1.5,46.8,30,32,131,540,30,140,635,2,6,0,0,40
295,2,243,2,4,0,-1,1.9,178,46,0,39,580,3,35,290,5,15,0,0,80
296,2,244,2,7,0,-1,2.1,198,46,0,39,580,3,35,290,5,15,0,0,80
297,2,245,2,18,0,-1,2,187,46,0,39,580,3,35,290,5,15,0,0,80
298,0,246,2,16,11,0,0.6,72,62,0,8,300,45,35,60,5,1,0,50,40
299,0,247,2,16,11,1,1.2,152,61,0,0,410,45,35,144,5,1,0,50,40
300,5,248,2,16,2,2,2,202,45,0,127,600,45,35,300,5,1,0,50,40
301,5,248,6,16,2,2,2.5,255,45,0,0,700,45,35,350,5,1,0,50,40
302,1,249,2,15,8,-1,5.2,216,46,0,136,680,3,0,340,5,15,0,0,120
303,1,250,2,7,8,-1,3.8,199,46,0,144,680,3,0,340,5,15,0,0,120
304,3,251,2,15,10,-1,0.6,5,30,0,0,600,45,100,300,4,15,0,0,120
305,0,252,3,10,0,0,0.5,5,65,0,84,310,45,50,62,4,14,1,87.5,20
306,0,253,3,10,0,1,0.9,21.6,65,0,84,405,45,50,142,4,14,1,87.5,20
307,0,254,3,10,0,2,1.7,52.2,65,0,84,530,45,50,265,4,14,1,87.5,20
308,0,254,6,10,3,2,1.9,55.2,31,0,0,630,45,50,315,4,14,1,87.5,20
309,0,255,3,7,0,0,0.4,2.5,66,0,3,310,45,50,62,4,5,0,87.5,20
310,0,256,3,7,6,1,0.9,19.5,66,0,3,405,45,50,142,4,5,0,87.5,20
311,0,257,3,7,6,2,1.9,52,66,0,3,530,45,50,265,4,5,0,87.5,20
312,0,257,6,7,6,2,1.9,52,3,0,0,630,45,50,315,4,5,0,87.5,20
313,0,258,3,18,0,0,0.4,7.6,67,0,6,310,45,50,62,4,1,2,87.5,20
314,0,259,3,18,11,1,0.7,28,67,0,6,405,45,50,142,4,1,2,87.5,20
315,0,260,3,18,11,2,1.5,81.9,67,0,6,535,45,50,268,4,1,2,87.5,20
316,0,260,6,18,11,2,1.9,102,33,0,0,635,45,50,318,4,1,2,87.5,20
317,0,261,3,2,0,0,0.5,13.6,50,95,155,220,255,50,56,3,5,0,50,15
318,0,262,3,2,0,1,1,37,22,95,153,420,127,50,147,3,5,0,50,15
319,0,263,3,13,0,0,0.4,17.5,53,82,95,240,255,50,56,3,5,0,50,15
320,0,263,3,2,13,0,0.4,17.5,53,82,95,240,255,50,56,3,5,0,0,15
321,0,264,3,13,0,1,0.5,32.5,53,82,95,420,90,50,147,3,5,0,50,15
322,0,264,7,2,13,1,0.5,32.5,53,82,95,420,90,50,147,3,5,0,0,15
323,0,265,3,1,0,0,0.3,3.6,19,0,50,195,255,50,56,3,3,0,50,15
324,0,266,3,1,0,1,0.6,10,61,0,0,205,120,50,72,3,3,0,50,15
325,0,267,3,1,8,2,1,28.4,68,0,79,395,45,50,178,3,3,0,50,15
326,0,268,3,1,0,1,0.7,11.5,61,0,0,205,120,50,72,3,3,0,50,15
327,0,269,3,1,14,2,1.2,31.6,19,0,14,385,45,50,173,3,3,0,50,15
328,0,270,3,18,10,0,0.5,2.6,33,44,20,220,255,50,44,4,7,2,50,15
329,0,271,3,18,10,1,1.2,32.5,33,44,20,340,120,50,119,4,7,2,50,15
330,0,272,3,18,10,2,1.5,55,33,44,20,480,45,50,240,4,7,2,50,15
331,0,273,3,10,0,0,0.5,4,34,48,124,220,255,50,44,4,5,7,50,15
332,0,274,3,10,2,1,1,28,34,48,124,340,120,50,119,4,5,7,50,15
333,0,275,3,10,2,2,1.3,59.6,34,48,124,480,45,50,240,4,5,7,50,15
334,0,276,3,13,8,0,0.3,2.3,62,0,113,270,200,50,54,4,4,0,50,15
335,0,277,3,13,8,1,0.7,19.8,62,0,113,455,45,50,159,4,4,0,50,15
336,0,278,3,18,8,0,0.6,9.5,51,93,44,270,190,50,54,3,4,2,50,20
337,0,279,3,18,8,1,1.2,28,51,2,44,440,45,50,154,3,4,2,50,20
338,0,280,3,15,5,0,0.4,6.6,28,36,140,198,235,35,40,5,11,8,50,20
339,0,281,3,15,5,1,0.8,20.2,28,36,140,278,120,35,97,5,11,8,50,20
340,0,282,3,15,5,2,1.6,48.4,28,36,140,518,45,35,259,5,11,8,50,20
341,0,282,6,15,5,2,1.6,48.4,182,0,0,618,45,35,309,5,11,0,50,20
342,0,283,3,1,18,0,0.5,1.7,33,0,44,269,200,50,54,3,3,2,50,15
343,0,284,3,1,8,1,0.8,3.6,22,0,127,454,75,50,159,3,3,2,50,15
344,0,285,3,10,0,0,0.4,4.5,27,90,95,295,255,50,59,6,6,7,50,15
345,0,286,3,10,6,1,1.2,39.2,27,90,101,460,90,50,161,6,6,7,50,15
346,0,287,3,13,0,0,0.8,24,54,0,0,280,255,50,56,5,5,0,50,15
347,0,288,3,13,0,1,1.4,46.5,72,0,0,440,120,50,154,5,5,0,50,15
348,0,289,3,13,0,2,2,130.5,54,0,0,670,45,50,285,5,5,0,50,15
349,0,290,3,1,11,0,0.5,5.5,14,0,50,266,255,50,53,1,3,0,50,15
350,0,291,3,1,8,1,0.8,12,3,0,151,456,120,50,160,1,3,0,50,15
351,0,292,3,1,9,1,0.8,1.2,25,0,0,236,45,50,83,1,10,0,0,15
352,0,293,3,13,0,0,0.6,16.3,43,0,155,240,190,50,48,4,5,1,50,20
353,0,294,3,13,0,1,1,40.5,43,0,113,360,120,50,126,4,5,1,50,20
354,0,295,3,13,0,2,1.5,84,43,0,113,490,45,50,245,4,5,1,50,20
355,0,296,3,6,0,0,1,86.4,47,62,125,237,180,50,47,6,8,0,75,20
356,0,297,3,6,0,1,2.3,253.8,47,62,125,474,200,50,166,6,8,0,75,20
357,4,298,3,13,5,0,0.2,2,47,37,157,190,150,50,38,2,15,0,25,10
358,0,299,3,16,0,0,1,97,5,42,159,375,255,50,75,3,10,0,50,20
359,0,300,3,13,0,0,0.6,11,56,96,147,260,255,50,52,2,6,5,25,15
360,0,301,3,13,0,1,1.1,32.6,56,96,147,400,60,50,140,2,6,5,25,15
361,0,302,3,2,9,-1,0.5,11,51,100,158,380,45,35,133,4,8,0,50,25
362,0,302,6,2,9,-1,0.5,161,156,0,0,480,45,35,168,4,8,0,50,25
363,0,303,3,17,5,-1,0.6,11.5,52,22,125,380,45,50,133,2,6,5,50,20
364,0,303,6,17,5,-1,1,23.5,37,0,0,480,45,50,168,2,6,5,50,20
365,0,304,3,17,16,0,0.4,60,5,69,134,330,180,35,66,5,1,0,50,35
366,0,305,3,17,16,1,0.9,120,5,69,134,430,90,35,151,5,1,0,50,35
367,0,306,3,17,16,2,2.1,360,5,69,134,530,45,35,265,5,1,0,50,35
368,0,306,6,17,0,2,2.2,395,111,0,0,630,45,35,315,5,1,0,50,35
369,0,307,3,6,15,0,0.6,11.2,74,0,140,280,180,50,56,3,8,0,50,20
370,0,308,3,6,15,1,1.3,31.5,74,0,140,410,90,50,144,3,8,0,50,20
371,0,308,6,6,15,1,1.3,31.5,74,0,0,510,90,50,179,3,8,0,50,20
372,0,309,3,4,0,0,0.6,15.2,9,31,58,295,120,50,59,5,5,0,50,20
373,0,310,3,4,0,1,1.5,40.2,9,31,58,475,45,50,166,5,5,0,50,20
374,0,310,6,4,0,1,1.8,44,22,0,0,575,45,50,201,5,5,0,50,20
375,0,311,3,4,0,-1,0.4,4.2,57,0,31,405,200,50,142,3,6,0,50,20
376,0,312,3,4,0,-1,0.4,4.2,58,0,10,405,200,50,142,3,6,0,50,20
377,0,313,3,1,0,-1,0.7,17.7,35,68,158,430,150,50,151,1,3,8,100,15
378,0,314,3,1,0,-1,0.6,17.7,12,110,158,430,150,50,151,6,3,8,0,15
379,0,315,3,10,14,1,0.3,2,30,38,102,400,150,50,140,4,6,7,50,20
380,0,316,3,14,0,0,0.4,10.3,64,60,82,302,225,50,60,6,11,0,50,20
381,0,317,3,14,0,1,1.7,80,64,60,82,467,75,50,163,6,11,0,50,20
382,0,318,3,18,2,0,0.8,20.8,24,0,3,305,225,35,61,5,12,0,50,20
383,0,319,3,18,2,1,1.8,88.8,24,0,3,460,60,35,161,5,12,0,50,20
384,0,319,6,18,2,1,2.5,130.3,173,0,0,560,60,35,196,5,12,0,50,20
385,0,320,3,18,0,0,2,130,41,12,46,400,125,50,80,6,5,12,50,40
386,0,321,3,18,0,1,14.5,398,41,12,46,500,60,50,175,6,5,12,50,40
387,0,322,3,7,11,0,0.7,24,12,86,20,305,255,50,61,3,5,0,50,20
388,0,323,3,7,11,1,1.9,220,40,116,83,460,150,50,161,3,5,0,50,20
389,0,323,6,7,11,1,2.5,320.5,125,0,0,560,150,50,196,3,5,0,50,20
390,0,324,3,7,0,-1,0.5,80.4,73,70,75,470,90,50,165,3,5,0,50,20
391,0,325,3,15,0,0,0.7,30.6,47,20,82,330,255,50,66,2,5,0,50,20
392,0,326,3,15,0,1,0.9,71.5,47,20,82,470,60,50,165,2,5,0,50,20
393,0,327,3,13,0,-1,1.1,5,20,77,126,360,255,50,126,2,5,8,50,15
394,0,328,3,11,0,0,0.7,15,52,71,125,290,255,50,58,4,3,14,50,20
395,0,329,3,11,3,1,1.1,15.3,26,0,0,340,120,50,119,4,3,14,50,20
396,0,330,3,11,3,2,2,82,26,0,0,520,45,50,260,4,3,14,50,20
397,0,331,3,10,0,0,0.4,51.3,8,0,11,335,190,35,67,4,7,8,50,20
398,0,332,3,10,2,1,1.3,77.4,8,0,11,475,60,35,166,4,7,8,50,20
399,0,333,3,13,8,0,0.4,1.2,30,0,13,310,255,50,62,1,14,4,50,20
400,0,334,3,3,8,1,1.1,20.6,30,0,13,490,45,50,172,1,14,4,50,20
401,0,334,6,3,5,1,1.5,20.6,182,0,0,590,45,50,207,1,14,4,50,20
402,0,335,3,13,0,-1,1.3,40.3,17,0,137,458,90,50,160,1,5,0,50,20
403,0,336,3,14,0,-1,2.7,52.5,61,0,151,458,90,50,160,6,14,5,50,20
404,0,337,3,16,15,-1,1,168,26,0,0,460,45,50,161,2,10,0,0,25
405,0,338,3,16,15,-1,1.2,154,26,0,0,460,45,50,161,2,10,0,0,25
406,0,339,3,18,11,0,0.4,1.9,12,107,93,288,190,50,58,3,12,0,50,20
407,0,340,3,18,11,1,0.9,23.6,12,107,93,468,75,50,164,3,12,0,50,20
408,0,341,3,18,0,0,0.6,11.5,52,75,91,308,205,50,62,6,2,9,50,15
409,0,342,3,18,2,1,1.1,32.8,52,75,91,468,155,50,164,6,2,9,50,15
410,0,343,3,11,15,0,0.5,21.5,26,0,0,300,255,50,60,3,10,0,0,20
411,0,344,3,11,15,1,1.5,108,26,0,0,500,90,50,175,3,10,0,0,20
412,0,345,3,16,10,0,1,23.8,21,0,114,355,45,50,71,1,9,0,87.5,30
413,0,346,3,16,10,1,1.5,60.4,21,0,114,495,45,50,173,1,9,0,87.5,30
414,0,347,3,16,1,0,0.7,12.5,4,0,33,355,45,50,71,1,9,0,87.5,30
415,0,348,3,16,1,1,1.5,68.2,4,0,33,495,45,50,173,1,9,0,87.5,30
416,0,349,3,18,0,0,0.6,7.4,33,12,91,200,255,50,40,1,14,2,50,20
417,0,350,3,18,0,1,6.2,162,63,172,56,540,60,50,189,1,14,2,50,20
418,0,351,3,13,0,-1,0.3,0.8,59,0,0,420,45,50,147,3,11,6,50,25
419,0,351,3,7,0,-1,0.3,0.8,59,0,0,420,45,50,147,3,11,6,50,25
420,0,351,3,18,0,-1,0.3,0.8,59,0,0,420,45,50,147,3,11,6,50,25
421,0,351,3,12,0,-1,0.3,0.8,59,0,0,420,45,50,147,3,11,6,50,25
422,0,352,3,13,0,-1,1,22,16,0,168,440,200,50,154,4,5,0,50,20
423,0,353,3,9,0,0,0.6,2.3,15,119,130,295,225,35,59,2,11,0,50,25
424,0,354,3,9,0,1,1.1,12.5,15,119,130,455,45,35,159,2,11,0,50,25
425,0,354,6,9,0,1,1.2,13,158,0,0,555,45,35,194,2,11,0,50,25
426,0,355,3,9,0,0,0.8,15,26,0,119,295,190,35,59,2,11,0,50,25
427,0,356,3,9,0,1,1.6,30.6,46,0,119,455,90,35,159,2,11,0,50,25
428,0,357,3,10,8,-1,2,100,34,94,139,460,200,50,161,5,7,1,50,25
429,0,358,3,15,0,1,0.6,1,26,0,0,455,45,50,159,2,11,0,50,25
430,0,359,3,2,0,-1,1.2,47,46,105,154,465,30,35,163,4,5,0,50,25
431,0,359,6,2,0,-1,1.2,49,156,0,0,565,30,35,198,4,5,0,50,25
432,4,360,3,15,0,0,0.6,14,23,0,140,260,125,50,52,3,15,0,50,20
433,0,361,3,12,0,0,0.7,16.8,39,115,141,300,190,50,60,3,6,10,50,20
434,0,362,3,12,0,1,1.5,256.5,39,115,141,480,75,50,168,3,6,10,50,20
435,0,362,6,12,0,1,2.1,350.2,174,0,0,580,75,50,203,3,6,10,50,20
436,0,363,3,12,18,0,0.8,39.5,47,115,12,290,255,50,58,4,5,2,50,20
437,0,364,3,12,18,1,1.1,87.6,47,115,12,410,120,50,144,4,5,2,50,20
438,0,365,3,12,18,2,1.4,150.6,47,115,12,530,45,50,265,4,5,2,50,20
439,0,366,3,18,0,0,0.4,52.5,75,0,155,345,255,50,69,1,2,0,50,20
440,0,367,3,18,0,1,1.7,27,33,0,41,485,60,50,170,1,2,0,50,20
441,0,368,3,18,0,1,1.8,22.6,33,0,93,485,60,50,170,1,2,0,50,20
442,0,369,3,18,16,-1,1,23.4,33,69,5,485,25,50,170,5,2,12,87.5,40
443,0,370,3,18,0,-1,0.6,8.7,33,0,93,330,225,50,116,2,12,0,25,20
444,0,371,3,3,0,0,0.6,42.1,69,0,125,300,45,35,60,5,14,0,50,40
445,0,372,3,3,0,1,1.1,110.5,69,0,142,420,45,35,147,5,14,0,50,40
446,5,373,3,3,8,2,1.5,102.6,22,0,153,600,45,35,300,5,14,0,50,40
447,0,373,6,3,8,2,1.8,112.6,184,0,0,700,45,35,350,5,14,0,50,40
448,0,374,3,17,15,0,0.6,95.2,29,0,135,300,3,35,60,5,10,0,0,40
449,0,375,3,17,15,1,1.2,202.5,29,0,135,420,3,35,147,5,10,0,0,40
450,5,376,3,17,15,2,1.6,550,29,0,135,600,3,35,300,5,10,0,0,40
451,5,376,6,17,15,2,2.5,942.9,181,0,0,700,3,35,350,5,10,0,0,40
452,2,377,3,16,0,-1,1.7,230,29,0,5,580,3,35,290,5,15,0,0,80
453,2,378,3,12,0,-1,1.8,175,29,0,115,580,3,35,290,5,15,0,0,80
454,2,379,3,17,0,-1,1.9,205,29,0,135,580,3,35,290,5,15,0,0,80
455,2,380,3,3,15,-1,1.4,40,26,0,0,600,3,90,300,5,15,0,0,120
456,2,380,6,3,15,-1,1.8,52,26,0,0,700,3,90,350,5,15,0,0,120
457,2,381,3,3,15,-1,2,60,26,0,0,600,3,90,300,5,15,0,100,120
458,2,381,6,3,15,-1,2.3,70,26,0,0,700,3,90,350,5,15,0,100,120
459,1,382,3,18,0,-1,4.5,352,2,0,0,670,3,0,335,5,15,0,0,120
460,1,382,6,18,0,-1,9.8,430,189,0,0,770,5,0,385,5,15,0,0,120
461,1,383,3,11,0,-1,3.5,950,70,0,0,670,3,0,335,5,15,0,0,120
462,1,383,6,11,7,-1,5,999.7,190,0,0,770,5,0,385,5,15,0,0,120
463,1,384,3,3,8,-1,7,206.5,76,0,0,680,45,0,340,5,15,0,0,120
464,1,384,6,3,8,-1,10.8,392,191,0,0,780,3,0,390,5,15,0,0,120
465,3,385,3,17,15,-1,0.3,1.1,32,0,0,600,3,100,300,5,15,0,0,120
466,3,386,3,15,0,-1,1.7,60.8,46,0,0,600,3,0,300,5,15,0,0,120
467,3,386,3,15,0,-1,1.7,60.8,46,0,0,600,3,0,300,5,15,0,0,120
468,3,386,3,15,0,-1,1.7,60.8,46,0,0,600,3,0,300,5,15,0,0,120
469,3,386,3,15,0,-1,1.7,60.8,46,0,0,600,3,0,300,5,15,0,0,120
470,0,387,4,10,0,0,0.4,10.2,65,0,75,318,45,50,64,4,7,1,87.5,20
471,0,388,4,10,0,1,1.1,97,65,0,75,405,45,50,142,4,7,1,87.5,20
472,0,389,4,10,11,2,2.2,310,65,0,75,525,45,50,263,4,7,1,87.5,20
473,0,390,4,7,0,0,0.5,6.2,66,0,89,309,45,50,62,4,5,8,87.5,20
474,0,391,4,7,6,1,0.9,22,66,0,89,405,45,50,142,4,5,8,87.5,20
475,0,392,4,7,6,2,1.2,55,66,0,89,534,45,50,267,4,5,8,87.5,20
476,0,393,4,18,0,0,0.4,5.2,67,0,128,314,45,50,63,4,5,2,87.5,20
477,0,394,4,18,0,1,0.8,23,67,0,128,405,45,50,142,4,5,2,87.5,20
478,0,395,4,18,17,2,1.7,84.5,67,0,128,530,45,50,265,4,5,2,87.5,20
479,0,396,4,13,8,0,0.3,2,51,0,120,245,255,50,49,4,4,0,50,15
480,0,397,4,13,8,1,0.6,15.5,22,0,120,340,120,50,119,4,4,0,50,15
481,0,398,4,13,8,2,1.2,24.9,22,0,120,485,45,50,243,4,4,0,50,15
482,0,399,4,13,0,0,0.5,20,86,109,141,250,255,50,50,3,5,2,50,15
483,0,400,4,13,18,1,1,31.5,86,109,141,410,127,50,144,3,5,2,50,15
484,0,401,4,1,0,0,0.3,2.2,61,0,50,194,255,50,39,4,3,0,50,15
485,0,402,4,1,0,1,1,25.5,68,0,101,384,45,50,134,4,3,0,50,15
486,0,403,4,4,0,0,0.5,9.5,79,22,62,263,235,50,53,4,5,0,50,20
487,0,404,4,4,0,1,0.9,30.5,79,22,62,363,120,100,127,4,5,0,50,20
488,0,405,4,4,0,2,1.4,42,79,22,62,523,45,50,262,4,5,0,50,20
489,4,406,4,10,14,0,0.2,1.2,30,38,102,280,255,50,56,4,15,0,50,20
490,0,407,4,10,14,2,0.9,14.5,30,38,101,515,75,50,258,4,6,7,50,20
491,0,408,4,16,0,0,0.9,31.5,104,0,125,350,45,50,70,1,1,0,87.5,30
492,0,409,4,16,0,1,1.6,102.5,104,0,125,495,45,50,173,1,1,0,87.5,30
493,0,410,4,16,17,0,0.5,57,5,0,43,350,45,50,70,1,1,0,87.5,30
494,0,411,4,16,17,1,1.3,149.5,5,0,43,495,45,50,173,1,1,0,87.5,30
495,0,412,4,1,0,0,0.2,3.4,61,0,142,224,120,50,45,3,3,0,50,15
496,0,413,4,1,10,1,0.5,6.5,107,0,142,424,45,50,148,3,3,0,0,15
497,0,413,4,1,11,1,0.5,6.5,107,0,142,424,45,50,148,3,3,0,0,15
498,0,413,4,1,17,1,0.5,6.5,107,0,142,424,45,50,148,3,3,0,0,15
499,0,414,4,1,8,1,0.9,23.3,68,0,110,424,45,50,148,3,3,0,100,15
500,0,415,4,1,8,0,0.3,5.5,118,0,55,244,120,50,49,4,3,0,87.5,15
501,0,416,4,1,8,1,1.2,38.5,46,0,127,474,45,50,166,4,3,0,0,15
502,0,417,4,4,0,-1,0.4,3.9,50,53,10,405,200,100,142,3,6,5,50,10
503,0,418,4,18,0,0,0.7,29.5,33,0,41,330,190,50,66,3,5,2,50,20
504,0,419,4,18,0,1,1.1,33.5,33,0,41,495,75,50,173,3,5,2,50,20
505,0,420,4,10,0,0,0.4,3.3,34,0,0,275,190,50,55,3,6,7,50,20
506,0,421,4,10,0,1,0.5,9.3,122,0,0,450,75,50,158,3,6,7,50,20
507,0,422,4,18,0,0,0.3,6.3,60,114,159,325,190,50,65,3,11,2,50,20
508,0,423,4,18,11,1,0.9,29.9,60,114,159,475,75,50,166,3,11,2,50,20
509,0,424,4,13,0,1,1.2,20.3,101,53,92,482,45,100,169,2,5,0,50,20
510,0,425,4,9,8,0,0.4,1.2,106,84,138,348,125,50,70,6,11,0,50,30
511,0,426,4,9,8,1,1.2,15,106,84,138,498,60,50,174,6,11,0,50,30
512,0,427,4,13,0,0,0.4,5.5,50,103,7,350,190,0,70,3,5,8,50,20
513,0,428,4,13,0,1,1.2,33.3,56,103,7,480,60,140,168,3,5,8,50,20
514,0,428,6,13,6,1,1.3,28.3,113,0,0,580,60,140,203,3,5,8,50,20
515,0,429,4,9,0,1,0.9,4.4,26,0,0,495,45,35,173,2,11,0,50,25
516,0,430,4,2,8,1,0.9,27.3,15,105,153,505,30,35,177,4,4,0,50,20
517,0,431,4,13,0,0,0.5,3.9,7,20,51,310,190,50,62,2,5,0,25,20
518,0,432,4,13,0,1,1,43.8,47,20,128,452,75,50,158,2,5,0,25,20
519,4,433,4,15,0,0,0.2,0.6,26,0,0,285,120,50,57,2,15,0,50,25
520,0,434,4,14,2,0,0.4,19.2,1,106,51,329,225,50,66,3,5,0,50,20
521,0,435,4,14,2,1,1,38,1,106,51,479,60,50,168,3,5,0,50,20
522,0,436,4,17,15,0,0.5,60.5,26,85,134,300,255,50,60,3,10,0,0,20
523,0,437,4,17,15,1,1.3,187,26,85,134,500,90,50,175,3,10,0,0,20
524,4,438,4,16,0,0,0.5,15,5,69,155,290,255,50,58,3,15,0,50,20
525,4,439,4,15,5,0,0.6,13,43,111,101,310,145,50,62,3,15,0,50,25
526,4,440,4,13,0,0,0.6,24.4,30,32,132,220,130,140,110,2,15,0,0,40
527,0,441,4,13,8,-1,0.5,1.9,51,77,145,411,30,35,144,4,4,0,50,20
528,0,442,4,9,2,-1,1,108,46,0,151,485,100,50,170,3,11,0,50,30
529,0,443,4,3,11,0,0.7,20.5,8,0,24,300,45,50,60,5,14,1,50,40
530,0,444,4,3,11,1,1.4,56,8,0,24,410,45,50,144,5,14,1,50,40
531,5,445,4,3,11,2,1.9,95,8,0,24,600,45,50,300,5,14,1,50,40
532,5,445,6,3,11,2,1.9,95,159,0,0,700,45,50,350,5,14,1,50,40
533,4,446,4,13,0,0,0.6,105,53,47,82,390,50,50,78,5,15,0,87.5,40
534,4,447,4,6,0,0,0.7,20.2,80,39,158,285,75,50,57,4,15,0,87.5,25
535,0,448,4,6,17,1,1.2,54,80,39,154,525,45,50,184,4,5,8,87.5,25
536,0,448,6,6,17,1,1.3,57.5,91,0,0,625,45,50,219,4,5,8,87.5,25
537,0,449,4,11,0,0,0.8,49.5,45,0,159,330,140,50,66,5,5,0,50,30
538,0,450,4,11,0,1,2,300,45,0,159,525,60,50,184,5,5,0,50,30
539,0,451,4,14,1,0,0.8,12,4,97,51,330,120,50,66,5,3,9,50,20
540,0,452,4,14,2,1,1.3,61.5,4,97,51,500,45,50,175,5,3,9,50,20
541,0,453,4,14,6,0,0.7,23,107,87,143,300,140,100,60,3,8,0,50,10
542,0,454,4,14,6,1,1.3,44.4,107,87,143,490,75,50,172,3,8,0,50,20
543,0,455,4,10,0,-1,1.4,27,26,0,0,454,200,50,159,5,7,0,50,25
544,0,456,4,18,0,0,0.4,7,33,114,41,330,190,50,66,1,12,0,50,20
545,0,457,4,18,0,1,1.2,24,33,114,41,460,75,50,161,1,12,0,50,20
546,4,458,4,18,8,0,1,65,33,11,41,345,25,50,69,5,15,0,50,25
547,0,459,4,10,12,0,1,50.5,117,0,43,334,120,50,67,5,7,1,50,20
548,0,460,4,10,12,1,2.2,135.5,117,0,43,494,60,50,173,5,7,1,50,20
549,0,460,4,10,12,1,2.7,185,117,0,0,594,60,50,208,5,7,1,50,20
550,0,461,4,2,12,1,1.1,34,46,0,124,510,45,35,179,4,5,0,50,20
551,0,462,4,4,17,2,1.2,180,42,5,148,535,30,50,268,3,10,0,0,20
552,0,463,4,13,0,1,1.7,140,20,12,13,515,30,50,180,3,1,0,50,20
553,0,464,4,11,16,2,2.4,282.8,31,116,120,535,30,50,268,5,5,1,50,20
554,0,465,4,10,0,1,2,128.6,34,102,144,535,30,50,187,3,7,0,50,20
555,0,466,4,4,0,2,1.8,138.6,78,0,72,540,30,50,270,3,8,0,75,25
556,0,467,4,7,0,2,1.6,68,49,0,72,540,30,50,270,3,8,0,75,25
557,0,468,4,5,8,2,1.5,38,55,32,105,545,30,50,273,2,6,4,87.5,10
558,0,469,4,1,8,1,1.9,51.5,3,110,119,515,30,50,180,3,3,0,50,20
559,0,470,4,10,0,1,1,25.5,102,0,34,525,45,35,184,3,5,0,87.5,35
560,0,471,4,12,0,1,0.8,25.9,81,0,115,525,45,35,184,3,5,0,87.5,35
561,0,472,4,11,8,1,2,42.5,52,8,90,510,30,50,179,4,3,0,50,20
562,0,473,4,12,11,2,2.5,291,12,81,47,530,50,50,265,5,5,0,50,20
563,0,474,4,13,0,2,0.9,34,91,88,148,535,30,50,268,3,10,0,0,20
564,0,475,4,15,6,2,1.6,52,80,0,154,518,45,35,259,5,11,8,100,20
565,0,475,6,15,6,2,1.6,56.4,39,0,0,618,45,35,309,5,11,0,100,20
566,0,476,4,16,17,1,1.4,340,5,42,159,525,60,50,184,3,10,0,50,20
567,0,477,4,9,0,2,2.2,106.6,46,0,119,525,45,35,263,2,11,0,50,25
568,0,478,4,12,9,1,1.3,26.6,81,0,130,480,75,50,168,3,6,10,0,20
569,0,479,4,4,9,-1,0.3,0.3,26,0,0,440,45,50,154,3,11,0,0,20
570,0,479,4,4,7,-1,0.3,0.3,26,0,0,520,45,50,182,3,11,0,0,20
571,0,479,4,4,18,-1,0.3,0.3,26,0,0,520,45,50,182,3,11,0,0,20
572,0,479,4,4,12,-1,0.3,0.3,26,0,0,520,45,50,182,3,11,0,0,20
573,0,479,4,4,8,-1,0.3,0.3,26,0,0,520,45,50,182,3,11,0,0,20
574,0,479,4,4,10,-1,0.3,0.3,26,0,0,520,45,50,182,3,11,0,0,20
575,2,480,4,15,0,-1,0.3,0.3,26,0,0,580,3,140,290,5,15,0,0,80
576,2,481,4,15,0,-1,0.3,0.3,26,0,0,580,3,140,290,5,15,0,0,80
577,2,482,4,15,0,-1,0.3,0.3,26,0,0,580,3,140,290,5,15,0,0,80
578,1,483,4,17,3,-1,5.4,683,46,0,140,680,3,0,340,5,15,0,0,120
579,1,484,4,18,3,-1,4.2,336,46,0,140,680,3,0,340,5,15,0,0,120
580,2,485,4,7,17,-1,1.7,430,18,0,49,600,3,100,300,5,15,0,50,10
581,2,486,4,13,0,-1,3.7,420,112,0,0,670,3,0,335,5,15,0,0,120
582,1,487,4,9,3,-1,4.5,750,46,0,140,680,3,0,340,5,15,0,0,120
583,1,487,4,9,3,-1,6.9,650,26,0,0,680,3,0,340,5,15,0,0,120
584,2,488,4,15,0,-1,1.5,85.6,26,0,0,600,3,100,300,5,15,0,0,120
585,3,489,4,18,0,-1,0.4,3.1,93,0,0,480,30,50,240,5,6,2,0,40
586,3,490,4,18,0,-1,0.3,1.4,93,0,0,600,3,50,300,5,6,2,0,10
587,3,491,4,2,0,-1,1.5,50.5,123,0,0,600,3,0,300,5,15,0,0,120
588,3,492,4,10,0,-1,0.2,2.1,30,0,0,600,45,100,300,4,15,0,0,120
589,3,492,4,10,8,-1,0.4,5.2,32,0,0,600,45,100,300,4,15,0,0,120
590,3,493,4,13,0,-1,3.2,320,121,0,0,720,3,0,360,5,15,0,0,120
591,3,494,5,15,7,-1,0.4,4,162,0,0,600,3,100,300,5,15,0,0,120
592,0,495,5,10,0,0,0.6,8.1,65,0,126,308,45,50,62,4,5,7,87.5,20
593,0,496,5,10,0,1,0.8,16,65,0,126,413,45,50,145,4,5,7,87.5,20
594,0,497,5,10,0,2,3.3,63,65,0,126,528,45,50,264,4,5,7,87.5,20
595,0,498,5,7,0,0,0.5,9.9,66,0,47,308,45,50,62,4,5,0,87.5,20
596,0,499,5,7,6,1,1,55.5,66,0,47,418,45,50,146,4,5,0,87.5,20
597,0,500,5,7,6,2,1.6,150,66,0,120,528,45,50,264,4,5,0,87.5,20
598,0,501,5,18,0,0,0.5,5.9,67,0,75,308,45,50,62,4,5,0,87.5,20
599,0,502,5,18,0,1,0.8,24.5,67,0,75,413,45,50,145,4,5,0,87.5,20
600,0,503,5,18,0,2,1.5,94.6,67,0,75,528,45,50,264,4,5,0,87.5,20
601,0,504,5,13,0,0,0.5,11.6,50,51,148,255,255,50,51,3,5,0,50,15
602,0,505,5,13,0,1,1.1,27,35,51,148,420,255,50,147,3,5,0,50,20
603,0,506,5,13,0,0,0.4,4.1,72,53,50,275,255,50,55,4,5,0,50,15
604,0,507,5,13,0,1,0.9,14.7,22,146,113,370,120,50,130,4,5,0,50,15
605,0,508,5,13,0,2,1.2,61,22,146,113,500,45,50,250,4,5,0,50,15
606,0,509,5,2,0,0,0.4,10.1,7,84,158,281,255,50,56,3,5,0,50,20
607,0,510,5,2,0,1,1.1,37.5,7,84,158,446,90,50,156,3,5,0,50,20
608,0,511,5,10,0,0,0.6,10.5,82,0,65,316,190,50,63,3,5,0,87.5,20
609,0,512,5,10,0,1,1.1,30.5,82,0,65,498,75,50,174,3,5,0,87.5,20
610,0,513,5,7,0,0,0.6,11,82,0,66,316,190,50,63,3,5,0,87.5,20
611,0,514,5,7,0,1,1,28,82,0,66,498,75,50,174,3,5,0,87.5,20
612,0,515,5,18,0,0,0.6,13.5,82,0,67,316,190,50,63,3,5,0,87.5,20
613,0,516,5,18,0,1,1,29,82,0,67,498,75,50,174,3,5,0,87.5,20
614,0,517,5,15,0,0,0.6,23.3,108,28,140,292,190,50,58,2,5,0,50,10
615,0,518,5,15,0,1,1.1,60.5,108,28,140,487,75,50,170,2,5,0,50,10
616,0,519,5,13,8,0,0.3,2.1,145,105,79,264,255,50,53,4,4,0,50,15
617,0,520,5,13,8,1,0.6,15,145,105,79,358,120,50,125,4,4,0,50,15
618,0,521,5,13,8,2,1.2,29,145,105,79,488,45,50,244,4,4,0,50,15
619,0,522,5,4,0,0,0.8,29.8,31,78,157,295,190,50,59,3,5,0,50,20
620,0,523,5,4,0,1,1.6,79.5,31,78,157,497,75,50,174,3,5,0,50,20
621,0,524,5,16,0,0,0.4,18,5,133,159,280,255,50,56,4,10,0,50,15
622,0,525,5,16,0,1,0.9,102,5,133,159,390,120,50,137,4,10,0,50,15
623,0,526,5,16,0,2,1.7,260,5,45,159,515,45,50,258,4,10,0,50,15
624,0,527,5,15,8,0,0.4,2.1,109,103,86,323,190,50,65,3,5,4,50,15
625,0,528,5,15,8,1,0.9,10.5,109,103,86,425,45,50,149,3,5,4,50,15
626,0,529,5,11,0,0,0.3,8.5,146,159,104,328,120,50,66,3,5,0,50,20
627,0,530,5,11,17,1,0.7,40.4,146,159,104,508,60,50,178,3,5,0,50,20
628,0,531,5,13,0,-1,1.1,31,131,144,103,445,255,50,390,2,6,0,50,20
629,0,531,6,13,5,-1,1.5,32,131,0,0,545,255,50,425,2,6,0,50,20
630,0,532,5,6,0,0,0.6,12.5,62,125,89,305,180,70,61,4,8,0,75,20
631,0,533,5,6,0,1,1.2,40,62,125,89,405,90,50,142,4,8,0,75,20
632,0,534,5,6,0,2,1.4,87,62,125,89,505,45,50,253,4,8,0,75,20
633,0,535,5,18,0,0,0.5,4.5,33,93,11,294,255,50,59,4,2,0,50,20
634,0,536,5,18,11,1,0.8,17,33,93,11,384,120,50,134,4,2,0,50,20
635,0,537,5,18,11,2,1.5,62,33,143,11,509,45,50,255,4,2,0,50,20
636,0,538,5,6,0,-1,1.3,55.5,62,39,104,465,45,50,163,3,8,0,100,20
637,0,539,5,6,0,-1,1.4,51,5,39,104,465,45,50,163,3,8,0,100,20
638,0,540,5,1,10,0,0.3,2.5,68,34,142,310,255,50,62,4,3,0,50,15
639,0,541,5,1,10,1,0.5,7.3,102,34,142,380,120,50,133,4,3,0,50,15
640,0,542,5,1,10,2,1.2,20.5,68,34,142,500,45,50,250,4,3,0,50,15
641,0,543,5,1,14,0,0.4,5.3,38,68,3,260,255,50,52,4,3,0,50,15
642,0,544,5,1,14,1,1.2,58.5,38,68,3,360,120,50,126,4,3,0,50,15
643,0,545,5,1,14,2,2.5,200.5,38,68,3,485,45,50,243,4,3,0,50,20
644,0,546,5,10,5,0,0.3,0.6,158,151,34,280,190,50,56,3,6,7,50,20
645,0,547,5,10,5,1,0.7,6.6,158,151,34,480,75,50,168,3,6,7,50,20
646,0,548,5,10,0,0,0.5,6.6,34,20,102,280,190,50,56,3,7,0,0,20
647,0,549,5,10,0,1,1.1,16.3,34,20,102,480,75,50,168,3,7,0,0,20
648,0,550,5,18,0,-1,1,18,120,91,104,460,25,50,161,3,12,0,50,40
649,0,550,5,18,0,-1,1,18,69,91,104,460,25,50,161,3,12,0,50,40
650,0,551,5,11,2,0,0.7,15.2,22,153,83,292,180,50,58,4,5,0,50,20
651,0,552,5,11,2,1,1,33.4,22,153,83,351,90,50,123,4,5,0,50,20
652,0,553,5,11,2,2,1.5,96.3,22,153,83,519,45,50,260,4,5,0,50,20
653,0,554,5,7,0,0,0.6,37.5,55,0,39,315,120,50,63,4,5,0,50,20
654,0,554,8,12,0,0,0.7,40,55,0,39,315,120,50,63,4,5,0,0,20
655,0,555,5,7,0,1,1.3,92.9,125,0,161,480,60,50,168,4,5,0,50,20
656,0,555,5,7,15,1,1.3,92.9,125,0,161,540,60,50,189,4,5,0,50,20
657,0,555,8,12,0,1,1.7,120,255,0,161,480,60,50,168,4,5,0,50,20
658,0,555,8,12,7,1,1.7,120,255,0,161,540,60,50,189,4,5,0,50,20
659,0,556,5,10,0,-1,1,28,11,34,114,461,255,50,161,3,7,0,50,20
660,0,557,5,1,16,0,0.3,14.5,5,75,133,325,190,50,65,3,3,10,50,20
661,0,558,5,1,16,1,1.4,200,5,75,133,485,75,50,170,3,3,10,50,20
662,0,559,5,2,6,0,0.6,11.8,61,153,22,348,180,35,70,3,14,5,50,15
663,0,560,5,2,6,1,1.1,30,61,153,22,488,90,50,171,3,14,5,50,15
664,0,561,5,15,8,-1,1.4,14,147,98,110,490,45,50,172,3,4,0,50,20
665,0,562,5,9,0,0,0.5,1.5,152,0,0,303,190,50,61,3,11,10,50,25
666,0,562,8,11,9,0,0.5,1.5,254,0,0,303,190,50,61,3,11,10,0,25
667,0,563,5,9,0,1,1.7,76.5,152,0,0,483,90,50,169,3,11,10,50,25
668,0,564,5,18,16,0,0.7,16.5,116,5,33,355,45,50,71,3,2,9,87.5,30
669,0,565,5,18,16,1,1.2,81,116,5,33,495,45,50,173,3,2,9,87.5,30
670,0,566,5,16,8,0,0.5,9.5,129,0,0,401,45,50,71,3,4,9,87.5,30
671,0,567,5,16,8,1,1.4,32,129,0,0,567,45,50,177,3,4,9,87.5,30
672,0,568,5,14,0,0,0.6,31,1,60,106,329,190,50,66,3,10,0,50,20
673,0,569,5,14,0,1,1.9,107.3,1,133,106,474,60,50,166,3,10,0,50,20
674,0,570,5,2,0,0,0.7,12.5,149,0,0,330,75,50,66,4,5,0,87.5,25
675,0,571,5,2,0,1,1.6,81.1,149,0,0,510,45,50,179,4,5,0,87.5,20
676,0,572,5,13,0,0,0.4,5.8,56,101,92,300,255,50,60,2,5,0,25,15
677,0,573,5,13,0,1,0.5,7.5,56,101,92,470,60,50,165,2,5,0,25,15
678,0,574,5,15,0,0,0.4,5.8,119,172,23,290,200,50,58,4,8,0,25,20
679,0,575,5,15,0,1,0.7,18,119,172,23,390,100,50,137,4,8,0,25,20
680,0,576,5,15,0,2,1.5,44,119,172,23,490,50,50,245,4,8,0,25,20
681,0,577,5,15,0,0,0.3,1,142,98,144,290,200,50,58,4,11,0,50,20
682,0,578,5,15,0,1,0.6,8,142,98,144,370,100,50,130,4,11,0,50,20
683,0,579,5,15,0,2,1,20.1,142,98,144,490,50,50,245,4,11,0,50,20
684,0,580,5,18,8,0,0.5,5.5,51,145,93,305,190,50,61,3,4,2,50,20
685,0,581,5,18,8,1,1.3,24.2,51,145,93,473,45,50,166,3,4,2,50,20
686,0,582,5,12,0,0,0.4,5.7,115,81,133,305,255,50,61,5,10,0,50,20
687,0,583,5,12,0,1,1.1,41,115,81,133,395,120,50,138,5,10,0,50,20
688,0,584,5,12,0,2,1.3,57.5,115,117,133,535,45,50,268,5,10,0,50,20
689,0,585,5,13,10,0,0.6,19.5,34,157,32,335,190,50,67,3,5,0,50,20
690,0,586,5,13,10,1,1.9,92.5,34,157,32,475,75,50,166,3,5,0,50,20
691,0,587,5,4,8,-1,0.4,5,9,0,78,428,200,50,150,3,5,0,50,20
692,0,588,5,1,0,0,0.5,5.9,68,61,99,315,200,50,63,3,3,0,50,15
693,0,589,5,1,17,1,1,33,68,75,142,495,75,50,173,3,3,0,50,15
694,0,590,5,10,14,0,0.2,1,27,0,144,294,190,50,59,3,7,0,50,20
695,0,591,5,10,14,1,0.6,10.5,27,0,144,464,75,50,162,3,7,0,50,20
696,0,592,5,18,9,0,1.2,33,11,130,6,335,190,50,67,3,11,0,50,20
697,0,593,5,18,9,1,2.2,135,11,130,6,480,60,50,168,3,11,0,50,20
698,0,594,5,18,0,-1,1.2,31.6,131,93,144,470,75,50,165,2,2,12,50,40
699,0,595,5,1,4,0,0.1,0.6,14,127,68,319,190,50,64,3,3,0,50,20
700,0,596,5,1,4,1,0.8,14.3,14,127,68,472,75,50,165,3,3,0,50,20
701,0,597,5,10,17,0,0.6,18.8,160,0,107,305,255,50,61,3,7,10,50,20
702,0,598,5,10,17,1,1,110,160,0,107,489,90,50,171,3,7,10,50,20
703,0,599,5,17,0,0,0.3,21,57,58,29,300,130,50,60,4,10,0,0,20
704,0,600,5,17,0,1,0.6,51,57,58,29,440,60,50,154,4,10,0,0,20
705,0,601,5,17,0,2,0.6,81,57,58,29,520,30,50,260,4,10,0,0,20
706,0,602,5,4,0,0,0.2,0.3,26,0,0,275,190,50,55,5,11,0,50,20
707,0,603,5,4,0,1,1.2,22,26,0,0,405,60,50,142,5,11,0,50,20
708,0,604,5,4,0,2,2.1,80.5,26,0,0,515,30,50,258,5,11,0,50,20
709,0,605,5,15,0,0,0.5,9,140,28,148,335,255,50,67,3,8,0,50,20
710,0,606,5,15,0,1,1,34.5,140,28,148,485,90,50,170,3,8,0,50,20
711,0,607,5,9,7,0,0.3,3.1,18,49,151,275,190,50,55,4,11,0,50,20
712,0,608,5,9,7,1,0.6,13,18,49,151,370,90,50,130,4,11,0,50,20
713,0,609,5,9,7,2,1,34.3,18,49,151,520,45,50,260,4,11,0,50,20
714,0,610,5,3,0,0,0.6,18,79,104,127,320,75,35,64,5,14,1,50,40
715,0,611,5,3,0,1,1,36,79,104,127,410,60,35,144,5,14,1,50,40
716,0,612,5,3,0,2,1.8,105.5,79,104,127,540,45,35,270,5,14,1,50,40
717,0,613,5,12,0,0,0.5,8.5,81,202,155,305,120,50,61,3,5,0,50,20
718,0,614,5,12,0,1,2.6,260,81,202,33,505,60,50,177,3,5,0,50,20
719,0,615,5,12,0,-1,1.1,148,26,0,0,515,25,50,180,3,10,0,0,25
720,0,616,5,1,0,0,0.4,7.7,93,75,142,305,200,50,61,3,3,0,50,15
721,0,617,5,1,0,1,0.8,25.3,93,60,84,495,75,50,173,3,3,0,50,15
722,0,618,5,11,4,-1,0.7,11,9,7,8,471,75,70,165,3,11,2,50,20
723,0,618,8,11,17,-1,0.7,20.5,250,0,0,471,75,50,165,3,11,2,0,20
724,0,619,5,6,0,0,0.9,20,39,144,120,350,180,50,70,4,5,8,50,25
725,0,620,5,6,0,1,1.4,35.5,39,144,120,510,45,50,179,4,5,8,50,25
726,0,621,5,3,0,-1,1.6,139,24,125,104,485,45,50,170,3,14,1,50,30
727,0,622,5,11,9,0,1,92,89,103,99,303,190,50,61,3,10,0,0,25
728,0,623,5,11,9,1,2.8,330,89,103,99,483,90,50,169,3,10,0,0,25
729,0,624,5,2,17,0,0.5,10.2,128,39,46,340,120,35,68,3,8,0,50,20
730,0,625,5,2,17,1,1.6,70,128,39,46,490,45,35,172,3,8,0,50,20
731,0,626,5,13,0,-1,1.6,94.6,120,157,43,490,45,50,172,3,5,0,50,20
732,0,627,5,13,8,0,0.5,10.5,51,125,55,350,190,50,70,5,4,0,100,20
733,0,628,5,13,8,1,1.5,41,51,125,128,510,60,50,179,5,4,0,100,20
734,0,629,5,2,8,0,0.5,9,145,142,133,370,190,35,74,5,4,0,0,20
735,0,630,5,2,8,1,1.2,39.5,145,142,133,510,60,35,179,5,4,0,0,20
736,0,631,5,7,0,-1,1.4,58,82,18,73,484,90,50,169,3,5,0,50,20
737,0,632,5,1,17,-1,0.3,33,68,55,54,484,90,50,169,3,3,0,50,20
738,0,633,5,2,3,0,0.8,17.3,55,0,0,300,45,35,60,5,14,0,50,40
739,0,634,5,2,3,1,1.4,50,55,0,0,420,45,35,147,5,14,0,50,40
740,5,635,5,2,3,2,1.8,160,26,0,0,600,45,35,300,5,14,0,50,40
741,0,636,5,1,7,0,1.1,28.8,49,0,68,360,45,50,72,5,3,0,50,40
742,0,637,5,1,7,1,1.6,46,49,0,68,550,15,50,275,5,3,0,50,40
743,2,638,5,17,6,-1,2.1,250,154,0,0,580,3,35,290,5,15,0,0,80
744,2,639,5,16,6,-1,1.9,260,154,0,0,580,3,35,290,5,15,0,0,80
745,2,640,5,10,6,-1,2,200,154,0,0,580,3,35,290,5,15,0,0,80
746,2,641,5,8,0,-1,1.5,63,158,0,128,580,3,90,290,5,15,0,100,120
747,2,641,5,8,0,-1,1.4,63,144,0,0,580,3,90,290,5,15,0,100,120
748,2,642,5,4,8,-1,1.5,61,158,0,128,580,3,90,290,5,15,0,100,120
749,2,642,5,4,8,-1,3,61,10,0,0,580,3,90,290,5,15,0,100,120
750,1,643,5,3,7,-1,3.2,330,163,0,0,680,3,0,340,5,15,0,0,120
751,1,644,5,3,4,-1,2.9,345,164,0,0,680,3,0,340,5,15,0,0,120
752,2,645,5,11,8,-1,1.5,68,159,0,125,600,3,90,300,5,15,0,100,120
753,2,645,5,11,8,-1,1.3,68,22,0,0,600,3,90,300,5,15,0,100,120
754,1,646,5,3,12,-1,3,325,46,0,0,660,3,0,297,5,15,0,0,120
755,1,646,5,3,12,-1,3.3,325,164,0,0,700,3,0,350,5,15,0,0,120
756,1,646,5,3,12,-1,3.6,325,163,0,0,700,3,0,350,5,15,0,0,120
757,3,647,5,18,6,-1,1.4,48.5,154,0,0,580,3,35,290,5,15,0,0,80
758,3,647,5,18,6,-1,1.4,48.5,154,0,0,580,3,35,290,5,15,0,0,80
759,3,648,5,13,15,-1,0.6,6.5,32,0,0,600,3,100,300,5,15,0,0,120
760,3,648,5,13,6,-1,0.6,6.5,32,0,0,600,3,100,300,5,15,0,0,120
761,3,649,5,1,17,-1,1.5,82.5,88,0,0,600,3,0,300,5,15,0,0,120
762,0,650,6,10,0,0,0.4,9,65,0,171,313,45,50,63,4,5,0,87.5,20
763,0,651,6,10,0,1,0.7,29,65,0,171,405,45,50,142,4,5,0,87.5,20
764,0,652,6,10,6,2,1.6,90,65,0,171,530,45,50,265,4,5,0,87.5,20
765,0,653,6,7,0,0,0.4,9.4,66,0,170,307,45,50,61,4,5,0,87.5,20
766,0,654,6,7,0,1,1,14.5,66,0,170,409,45,50,143,4,5,0,87.5,20
767,0,655,6,7,15,2,1.5,39,66,0,170,534,45,50,267,4,5,0,87.5,20
768,0,656,6,18,0,0,0.3,7,67,0,168,314,45,50,63,4,2,0,87.5,20
769,0,657,6,18,0,1,0.6,10.9,67,0,168,405,45,50,142,4,2,0,87.5,20
770,0,658,6,18,2,2,1.5,40,67,0,168,530,45,50,265,4,2,0,87.5,20
771,0,658,7,18,2,-1,1.5,40,210,0,0,640,45,50,320,4,15,0,100,20
772,0,659,6,13,0,0,0.4,5,53,167,37,237,255,50,47,3,5,0,50,15
773,0,660,6,13,11,1,1,42.4,53,167,37,423,127,50,148,3,5,0,50,15
774,0,661,6,13,8,0,0.3,1.7,145,0,177,278,255,50,56,4,4,0,50,15
775,0,662,6,7,8,1,0.7,16,49,0,177,382,120,50,134,4,4,0,50,15
776,0,663,6,7,8,2,1.2,24.5,49,0,177,499,45,50,175,4,4,0,50,15
777,0,664,6,1,0,0,0.3,2.5,19,14,132,200,255,50,40,3,3,0,50,15
778,0,665,6,1,0,1,0.3,8.4,61,0,132,213,120,50,75,3,3,0,50,15
779,0,666,6,1,8,2,1.2,17,19,14,132,411,45,50,206,3,3,0,50,15
780,0,667,6,7,13,0,0.6,13.5,79,127,153,369,220,50,74,4,5,0,25,20
781,0,668,6,7,13,1,1.5,81.5,79,127,153,507,65,50,177,4,5,0,25,20
782,0,669,6,5,0,0,0.1,0.1,166,0,180,303,225,50,61,3,6,0,0,20
783,0,670,6,5,0,1,0.2,0.9,166,0,180,371,120,50,130,3,6,0,0,20
784,0,671,6,5,0,2,1.1,10,166,0,180,552,45,50,276,3,6,0,0,20
785,0,672,6,10,0,0,0.9,31,157,0,179,350,200,50,70,3,5,0,50,20
786,0,673,6,10,0,1,1.7,91,157,0,179,531,45,50,186,3,5,0,50,20
787,0,674,6,6,0,0,0.6,8,89,104,113,348,220,50,70,3,5,8,50,25
788,0,675,6,6,2,1,2.1,136,89,104,113,495,65,50,173,3,5,8,50,25
789,0,676,6,13,0,-1,1.2,28,169,0,0,472,160,50,165,3,5,0,50,20
790,0,677,6,15,0,0,0.3,3.5,51,151,20,355,190,50,71,3,5,0,50,20
791,0,678,6,15,0,1,0.6,8.5,51,151,158,466,75,50,163,3,5,0,50,20
792,0,678,6,15,0,1,0.6,8.5,51,151,172,466,75,50,163,3,5,0,50,20
793,0,679,6,17,9,0,0.8,2,99,0,0,325,180,50,65,3,10,0,50,20
794,0,680,6,17,9,1,0.8,4.5,99,0,0,448,90,50,157,3,10,0,50,20
795,0,681,6,17,9,2,1.7,53,176,0,0,520,45,50,250,3,10,0,50,20
796,0,681,6,17,9,2,1.7,53,176,0,0,520,45,50,250,3,10,0,50,20
797,0,682,6,5,0,0,0.2,0.5,131,0,165,341,200,50,68,3,6,0,50,20
798,0,683,6,5,0,1,0.8,15.5,131,0,165,462,140,50,162,3,6,0,50,20
799,0,684,6,5,0,0,0.4,3.5,175,0,84,341,200,50,68,3,6,0,50,20
800,0,685,6,5,0,1,0.8,5,175,0,84,480,140,50,168,3,6,0,50,20
801,0,686,6,2,15,0,0.4,3.5,126,21,151,288,190,50,58,3,2,12,50,20
802,0,687,6,2,15,1,1.5,47,126,21,151,482,80,50,169,3,2,12,50,20
803,0,688,6,16,18,0,0.5,31,97,181,124,306,120,50,61,3,9,0,50,20
804,0,689,6,16,18,1,1.3,96,97,181,124,500,45,50,175,3,9,0,50,20
805,0,690,6,14,18,0,0.5,7.3,38,143,91,320,225,50,64,3,14,2,50,20
806,0,691,6,14,3,1,1.8,81.5,38,143,91,494,55,50,173,3,14,2,50,20
807,0,692,6,18,0,0,0.5,8.3,178,0,0,330,225,50,66,5,2,9,50,15
808,0,693,6,18,0,1,1.3,35.3,178,0,0,500,55,50,100,5,2,9,50,15
809,0,694,6,4,13,0,0.5,6,87,8,94,289,190,50,58,3,14,1,50,20
810,0,695,6,4,13,1,1,21,87,8,94,481,75,50,168,3,14,1,50,20
811,0,696,6,16,3,0,0.8,26,173,0,5,362,45,50,72,3,14,1,87.5,30
812,0,697,6,16,3,1,2.5,270,173,0,69,521,45,50,182,3,14,1,87.5,30
813,0,698,6,16,12,0,1.3,25.2,174,0,117,362,45,50,72,3,1,0,87.5,30
814,0,699,6,16,12,1,2.7,225,174,0,117,521,45,50,104,3,1,0,87.5,30
815,0,700,6,5,0,1,1,23.5,56,0,182,525,45,50,184,3,5,0,87.5,35
816,0,701,6,6,8,-1,0.8,21.5,7,84,104,500,100,50,175,3,4,8,50,20
817,0,702,6,4,5,-1,0.2,2.2,167,53,57,431,180,50,151,3,6,5,50,20
818,0,703,6,16,5,-1,0.3,5.7,29,0,5,500,60,50,100,5,6,10,0,25
819,0,704,6,3,0,0,0.3,2.8,157,93,183,300,45,35,60,5,14,0,50,40
820,0,705,6,3,0,1,0.8,17.5,157,93,183,452,45,35,158,5,14,0,50,40
821,5,706,6,3,0,2,2,150.5,157,93,183,600,45,35,300,5,14,0,50,40
822,0,707,6,17,5,-1,0.2,3,158,0,170,470,75,50,165,2,10,0,50,20
823,0,708,6,9,10,0,0.4,7,30,119,139,309,120,50,62,3,11,7,50,20
824,0,709,6,9,10,1,1.5,71,30,119,139,474,60,50,166,3,11,7,50,20
825,0,710,6,9,10,0,0.4,5,53,119,15,335,120,50,67,3,11,0,50,20
826,0,710,6,9,10,0,0.3,3.5,53,119,15,335,120,50,67,3,11,0,50,20
827,0,710,6,9,10,0,0.5,7.5,53,119,15,335,120,50,67,3,11,0,50,20
828,0,710,6,9,10,0,0.8,15,53,119,15,335,120,50,67,3,11,0,50,20
829,0,711,6,9,10,1,0.9,12.5,53,119,15,494,60,50,173,3,11,0,50,20
830,0,711,6,9,10,1,0.7,9.5,53,119,15,494,60,50,173,3,11,0,50,20
831,0,711,6,9,10,1,1.1,14,53,119,15,494,60,50,173,3,11,0,50,20
832,0,711,6,9,10,1,1.7,39,53,119,15,494,60,50,173,3,11,0,50,20
833,0,712,6,12,0,0,1,99.5,20,115,5,304,190,50,61,3,10,1,50,20
834,0,713,6,12,0,1,2,505,20,115,5,514,55,50,180,3,10,1,50,20
835,0,714,6,8,3,0,0.5,8,119,151,140,245,190,50,49,3,14,4,50,20
836,0,715,6,8,3,1,1.5,85,119,151,140,535,45,50,187,3,14,4,50,20
837,1,716,6,5,0,-1,3,215,187,0,0,680,45,0,340,5,15,0,0,120
838,1,717,6,2,8,-1,5.8,203,186,0,0,680,45,0,340,5,15,0,0,120
839,1,718,6,3,11,-1,5,305,188,211,0,600,3,0,300,5,15,0,0,120
840,1,718,7,3,11,-1,1.2,33.5,188,211,0,486,3,0,243,5,15,0,0,120
841,1,718,6,3,11,-1,4.5,610,211,0,0,708,3,0,354,5,15,0,0,120
842,3,719,6,16,5,-1,0.7,8.8,29,0,0,600,3,50,300,5,15,0,0,25
843,3,719,6,16,5,-1,1.1,27.8,156,0,0,700,3,50,350,5,15,0,0,25
844,3,720,6,15,9,-1,0.5,9,170,0,0,600,3,100,300,5,15,0,0,120
845,3,720,6,15,2,-1,6.5,490,170,0,0,680,3,50,340,5,15,0,0,120
846,3,721,6,7,18,-1,1.7,195,11,0,0,600,3,100,300,5,15,0,0,120
847,0,722,7,10,8,0,0.3,1.5,65,0,203,320,45,50,64,4,4,0,87.5,15
848,0,723,7,10,8,1,0.7,16,65,0,203,420,45,50,147,4,4,0,87.5,15
849,0,724,7,10,9,2,1.6,36.6,65,0,203,530,45,50,265,4,4,0,87.5,15
850,0,725,7,7,0,0,0.4,4.3,66,0,22,320,45,50,64,4,5,0,87.5,15
851,0,726,7,7,0,1,0.7,25,66,0,22,420,45,50,147,4,5,0,87.5,15
852,0,727,7,7,2,2,1.8,83,66,0,22,530,45,50,265,4,5,0,87.5,15
853,0,728,7,18,0,0,0.4,7.5,67,0,204,320,45,50,64,4,5,2,87.5,15
854,0,729,7,18,0,1,0.6,17.5,67,0,204,420,45,50,147,4,5,2,87.5,15
855,0,730,7,18,5,2,1.8,44,67,0,204,530,45,50,265,4,5,2,87.5,15
856,0,731,7,13,8,0,0.3,1.2,51,92,53,265,255,50,53,3,4,0,50,15
857,0,732,7,13,8,1,0.6,14.8,51,92,53,355,120,50,124,3,4,0,50,15
858,0,733,7,13,8,2,1.1,26,51,92,125,485,45,50,243,3,4,0,50,15
859,0,734,7,13,0,0,0.4,6,173,198,91,253,255,50,51,3,5,0,50,15
860,0,735,7,13,0,1,0.7,14.2,173,198,91,418,127,50,146,3,5,0,50,15
861,0,736,7,1,0,0,0.4,4.4,68,0,0,300,255,50,60,3,3,0,50,15
862,0,737,7,1,4,1,0.5,10.5,217,0,0,400,120,50,140,3,3,0,50,15
863,0,738,7,1,4,2,1.5,45,26,0,0,500,45,50,250,3,3,0,50,15
864,0,739,7,6,0,0,0.6,7,52,89,83,338,225,50,68,3,9,0,50,20
865,0,740,7,6,12,1,1.7,180,52,89,83,478,60,50,167,3,9,0,50,20
866,0,741,7,7,8,-1,0.6,3.4,216,0,0,476,45,50,167,3,4,0,25,20
867,0,741,7,4,8,-1,0.6,3.4,216,0,0,476,45,50,167,3,4,0,25,20
868,0,741,7,15,8,-1,0.6,3.4,216,0,0,476,45,50,167,3,4,0,25,20
869,0,741,7,9,8,-1,0.6,3.4,216,0,0,476,45,50,167,3,4,0,25,20
870,0,742,7,1,5,0,0.1,0.2,118,19,175,304,190,50,61,3,3,6,50,20
871,0,743,7,1,5,1,0.2,0.5,118,19,175,464,75,50,162,3,3,6,50,20
872,0,744,7,16,0,0,0.5,9.2,51,72,80,280,190,50,56,3,5,0,50,15
873,0,744,7,16,0,0,0.5,9.2,20,0,0,280,190,50,56,3,5,0,50,15
874,0,745,7,16,0,1,0.8,25,51,146,80,487,90,50,170,3,5,0,50,15
875,0,745,7,16,0,1,1.1,25,51,72,99,487,90,50,170,3,5,0,50,15
876,0,745,7,16,0,1,0.8,25,181,0,0,487,90,50,170,3,5,0,50,15
877,0,746,7,18,0,-1,0.2,0.3,208,0,0,175,60,50,61,2,12,0,50,15
878,0,746,7,18,0,-1,8.2,78.6,208,0,0,620,60,50,217,2,12,0,50,15
879,0,747,7,14,18,0,0.4,8,196,7,144,305,190,50,61,3,2,0,50,20
880,0,748,7,14,18,1,0.7,14.5,196,7,144,495,75,50,173,3,2,0,50,20
881,0,749,7,11,0,0,1,110,20,192,39,385,190,50,77,3,5,0,50,20
882,0,750,7,11,0,1,2.5,920,20,192,39,500,60,50,175,3,5,0,50,20
883,0,751,7,18,1,0,0.3,4,199,0,11,269,200,50,54,3,3,2,50,15
884,0,752,7,18,1,1,1.8,82,199,0,11,454,100,50,159,3,3,2,50,15
885,0,753,7,10,0,0,0.3,1.5,102,0,126,250,190,50,50,3,7,0,50,20
886,0,754,7,10,0,1,0.9,18.5,102,0,126,480,75,50,168,3,7,0,50,20
887,0,755,7,10,5,0,0.2,1.5,35,27,44,285,190,50,57,3,7,0,50,20
888,0,756,7,10,5,1,1,11.5,35,27,44,405,75,50,142,3,7,0,50,20
889,0,757,7,14,7,0,0.6,4.8,212,0,12,320,120,50,64,3,14,1,87.5,20
890,0,758,7,14,7,1,1.2,22.2,212,0,12,480,45,50,168,3,14,1,0,20
891,0,759,7,13,6,0,0.5,6.8,218,103,56,340,140,50,68,3,5,0,50,15
892,0,760,7,13,6,1,2.1,135,218,103,127,500,70,50,175,3,5,0,50,15
893,0,761,7,10,0,0,0.3,3.2,102,12,175,210,235,50,42,4,7,0,0,20
894,0,762,7,10,0,1,0.7,8.2,102,12,175,290,120,50,102,4,7,0,0,20
895,0,763,7,10,0,2,1.2,21.4,102,214,175,510,45,50,230,4,7,0,0,20
896,0,764,7,5,0,-1,0.1,0.3,166,205,30,485,60,50,170,2,7,0,25,20
897,0,765,7,13,15,-1,1.5,76,39,140,180,490,45,50,172,5,5,0,50,20
898,0,766,7,6,0,-1,2,82.8,222,0,128,490,45,50,172,5,5,0,50,20
899,0,767,7,1,18,0,0.5,12,193,0,0,230,90,50,46,3,3,9,50,20
900,0,768,7,1,18,1,2,108,194,0,0,530,45,50,186,3,3,9,50,20
901,0,769,7,9,11,0,0.5,70,195,0,8,320,140,50,64,3,11,0,50,15
902,0,770,7,9,11,1,1.3,250,195,0,8,480,60,50,168,3,11,0,50,15
903,0,771,7,18,0,-1,0.3,1.2,215,0,109,410,60,50,144,2,2,0,50,15
904,2,772,7,13,0,0,1.9,120.5,4,0,0,534,3,0,107,5,15,0,0,120
905,2,773,7,13,0,1,2.3,100.5,225,0,0,570,3,0,285,5,15,0,0,120
906,0,774,7,16,8,-1,0.3,40,197,0,0,440,30,50,154,4,10,0,0,25
907,0,774,7,16,8,-1,0.3,0.3,197,0,0,500,30,50,175,4,10,0,0,25
908,0,775,7,13,0,-1,0.4,19.9,213,0,0,480,45,50,168,5,5,0,50,20
909,0,776,7,7,3,-1,2,212,75,0,0,485,70,50,170,3,14,1,50,20
910,0,777,7,4,17,-1,0.3,3.3,160,31,5,435,180,50,152,3,6,5,50,10
911,0,778,7,9,5,-1,0.2,0.7,209,0,0,476,45,50,167,3,11,0,50,20
912,0,779,7,18,15,-1,0.9,19,219,173,147,475,80,50,166,3,12,0,50,15
913,0,780,7,13,3,-1,3,185,201,157,13,485,70,50,170,3,14,1,50,20
914,0,781,7,9,10,-1,3.9,210,200,0,0,517,25,50,181,3,10,0,0,25
915,0,782,7,3,0,0,0.6,29.7,171,43,142,300,45,50,60,5,14,0,50,40
916,0,783,7,3,6,1,1.2,47,171,43,142,420,45,50,147,5,14,0,50,40
917,5,784,7,3,6,2,1.6,78.2,171,43,142,600,45,50,300,5,14,0,50,40
918,2,785,7,4,5,-1,1.8,20.5,226,0,140,570,3,50,285,5,15,0,0,15
919,2,786,7,15,5,-1,1.2,18.6,227,0,140,570,3,50,285,5,15,0,0,15
920,2,787,7,10,5,-1,1.9,45.5,229,0,140,570,3,50,285,5,15,0,0,15
921,2,788,7,18,5,-1,1.3,21.2,228,0,140,570,3,50,285,5,15,0,0,15
922,1,789,7,15,0,0,0.2,0.1,109,0,0,200,45,0,40,5,15,0,0,120
923,1,790,7,15,0,1,0.1,999.9,5,0,0,400,45,0,140,5,15,0,0,120
924,1,791,7,15,17,2,3.4,230,230,0,0,680,45,0,340,5,15,0,0,120
925,1,792,7,15,9,2,4,120,231,0,0,680,45,0,340,5,15,0,0,120
926,6,793,7,16,14,-1,1.2,55.5,224,0,0,570,45,0,285,5,15,0,0,120
927,6,794,7,1,6,-1,2.4,333.6,224,0,0,570,45,0,285,5,15,0,0,120
928,6,795,7,1,6,-1,1.8,25,224,0,0,570,45,0,285,5,15,0,0,120
929,6,796,7,4,0,-1,3.8,100,224,0,0,570,45,0,285,5,15,0,0,120
930,6,797,7,17,8,-1,9.2,999.9,224,0,0,570,45,0,285,5,15,0,0,120
931,6,798,7,10,17,-1,0.3,0.1,224,0,0,570,45,0,285,5,15,0,0,120
932,6,799,7,2,3,-1,5.5,888,224,0,0,570,45,0,285,5,15,0,0,120
933,1,800,7,15,0,-1,2.4,230,232,0,0,600,255,0,300,5,15,0,0,120
934,1,800,7,15,17,-1,3.8,460,232,0,0,680,3,0,340,5,15,0,0,120
935,1,800,7,15,9,-1,4.2,350,232,0,0,680,3,0,340,5,15,0,0,120
936,1,800,7,15,3,-1,7.5,230,233,0,0,754,3,0,377,5,15,0,0,120
937,3,801,7,17,5,-1,1,80.5,220,0,0,600,3,0,300,5,15,0,0,120
938,3,802,7,6,9,-1,0.7,22.2,101,0,0,600,3,0,300,5,15,0,0,120
939,6,803,7,14,0,0,0.6,1.8,224,0,0,420,45,0,189,5,15,0,0,120
940,6,804,7,14,3,1,3.6,150,224,0,0,540,45,0,270,5,15,0,0,120
941,6,805,7,16,17,-1,5.5,820,224,0,0,570,30,0,285,5,15,0,0,120
942,6,806,7,7,9,-1,1.8,13,224,0,0,570,30,0,285,5,15,0,0,120
943,3,807,7,4,0,-1,1.5,44.5,10,0,0,600,3,0,300,5,15,0,0,120
944,3,808,7,17,0,-1,0.2,8,42,0,0,300,3,0,135,5,15,0,0,120
945,3,809,7,17,0,-1,2.5,800,89,0,0,600,3,0,300,5,15,0,0,120
946,0,810,8,10,0,0,0.3,5,65,0,229,310,45,50,62,4,5,7,87.5,20
947,0,811,8,10,0,1,0.7,14,65,0,229,420,45,50,147,4,5,7,87.5,20
948,0,812,8,10,0,2,2.1,90,65,0,229,530,45,50,265,4,5,7,87.5,20
949,0,813,8,7,0,0,0.3,4.5,66,0,236,310,45,50,62,4,5,8,87.5,20
950,0,814,8,7,0,1,0.6,9,66,0,236,420,45,50,147,4,5,8,87.5,20
951,0,815,8,7,0,2,1.4,33,66,0,236,530,45,50,265,4,5,8,87.5,20
952,0,816,8,18,0,0,0.3,4,67,0,97,310,45,50,62,4,5,2,87.5,20
953,0,817,8,18,0,1,0.7,11.5,67,0,97,420,45,50,147,4,5,2,87.5,20
954,0,818,8,18,0,2,1.9,45.2,67,0,97,530,45,50,265,4,5,2,87.5,20
955,0,819,8,13,0,0,0.3,2.5,167,0,82,275,255,50,55,3,5,0,50,20
956,0,820,8,13,0,1,0.6,6,167,0,82,460,90,50,161,3,5,0,50,20
957,0,821,8,8,0,0,0.2,1.8,51,127,145,245,255,50,49,4,4,0,50,15
958,0,822,8,8,0,1,0.8,16,51,127,145,365,120,50,128,4,4,0,50,15
959,0,823,8,8,17,2,2.2,75,46,127,240,495,45,50,248,4,4,0,50,15
960,0,824,8,1,0,0,0.4,8,68,14,140,180,255,50,36,3,3,0,50,15
961,0,825,8,1,15,1,0.4,19.5,68,14,140,335,120,50,117,3,3,0,50,15
962,0,826,8,1,15,2,0.4,40.8,68,119,140,505,45,50,253,3,3,0,50,15
963,0,827,8,2,0,0,0.6,8.9,50,84,198,245,255,50,49,2,5,0,50,15
964,0,828,8,2,0,1,1.2,19.9,50,84,198,455,127,50,159,2,5,0,50,15
965,0,829,8,10,0,0,0.4,2.2,238,144,27,250,190,50,50,3,7,0,50,20
966,0,830,8,10,0,1,0.5,2.5,238,144,27,460,75,50,161,3,7,0,50,20
967,0,831,8,13,0,0,0.6,6,218,50,171,270,255,50,122,3,5,0,50,15
968,0,832,8,13,0,1,1.3,43,218,80,171,490,127,50,172,3,5,0,50,15
969,0,833,8,18,0,0,0.3,8.5,173,75,33,284,255,50,52,3,1,2,50,20
970,0,834,8,18,16,1,1,115.5,173,75,33,485,75,50,170,3,1,2,50,20
971,0,835,8,4,0,0,0.3,13.5,237,0,155,270,255,50,54,2,5,0,50,20
972,0,836,8,4,0,1,1,34,173,0,172,490,45,50,172,2,5,0,50,20
973,0,837,8,16,0,0,0.3,12,243,85,18,240,255,50,48,4,10,0,50,15
974,0,838,8,16,7,1,1.1,78,243,49,18,410,120,50,144,4,10,0,50,15
975,0,839,8,16,7,2,2.8,310.5,243,49,18,510,45,50,255,4,10,0,50,15
976,0,840,8,10,3,0,0.2,0.5,247,82,171,260,255,50,52,1,14,7,50,20
977,0,841,8,10,3,1,0.3,1,247,82,55,485,45,50,170,1,14,7,50,20
978,0,842,8,10,3,1,0.4,13,247,82,47,485,45,50,170,1,14,7,50,20
979,0,843,8,11,0,0,2.2,7.6,245,61,8,315,255,50,63,3,14,5,50,20
980,0,844,8,11,0,1,3.8,65.5,245,61,8,510,120,50,179,3,14,5,50,20
981,0,845,8,8,18,-1,0.8,18,241,0,0,475,45,50,166,3,4,2,50,20
982,0,846,8,18,0,0,0.5,1,33,0,239,280,255,50,56,5,12,0,50,20
983,0,847,8,18,0,1,1.3,30,33,0,239,490,60,50,172,5,12,0,50,20
984,4,848,8,4,14,0,0.4,11,155,9,103,242,75,50,48,4,15,0,50,25
985,0,849,8,4,14,1,1.6,40,244,58,101,502,45,50,176,4,8,0,50,25
986,0,849,8,4,14,1,1.6,40,244,57,101,502,45,50,176,4,8,0,50,25
987,0,850,8,7,1,0,0.7,1,18,73,49,305,190,50,61,3,3,0,50,20
988,0,851,8,7,1,1,3,120,18,73,49,525,75,50,184,3,3,0,50,20
989,0,852,8,6,0,0,0.6,4,7,0,101,310,180,50,62,4,8,2,50,25
990,0,853,8,6,0,1,1.6,39,7,0,101,480,45,50,168,4,8,2,50,25
991,0,854,8,9,0,0,0.1,0.2,133,0,130,308,120,50,62,3,11,10,0,20
992,0,855,8,9,0,1,0.2,0.4,133,0,130,508,60,50,178,3,11,10,0,20
993,0,856,8,15,0,0,0.4,3.4,131,107,156,265,235,50,53,5,6,0,0,20
994,0,857,8,15,0,1,0.6,4.8,131,107,156,370,120,50,130,5,6,0,0,20
995,0,858,8,15,5,2,2.1,5,131,107,156,510,45,50,255,5,6,0,0,20
996,0,859,8,2,5,0,0.4,5.5,158,119,124,265,255,50,53,3,6,8,100,20
997,0,860,8,2,5,1,0.8,12.5,158,119,124,370,120,50,130,3,6,8,100,20
998,0,861,8,2,5,2,1.5,61,158,119,124,510,45,50,255,3,6,8,100,20
999,0,862,8,2,13,2,1.6,46,120,62,128,520,45,50,260,3,5,0,50,15
1000,0,863,8,17,0,1,0.8,28,4,181,252,440,90,50,154,3,5,0,50,20
1001,0,864,8,9,0,1,1,0.4,133,0,253,510,30,50,179,2,2,9,25,20
1002,0,865,8,6,0,1,0.8,117,80,0,113,507,45,50,177,3,5,4,50,20
1003,0,866,8,15,12,2,1.5,58.2,77,251,115,520,45,50,182,3,8,0,50,25
1004,0,867,8,11,9,1,1.6,66.6,254,0,0,483,90,50,169,3,11,10,50,25
1005,0,868,8,5,0,0,0.2,0.3,175,0,165,270,200,50,54,3,11,6,0,20
1006,0,869,8,5,0,1,0.3,0.5,175,0,165,495,100,50,173,3,11,6,0,20
1007,0,870,8,6,0,-1,3,62,4,0,128,470,45,50,165,3,6,10,0,25
1008,0,871,8,4,0,-1,0.3,1,31,0,226,435,75,50,152,3,11,2,50,20
1009,0,872,8,12,1,0,0.3,3.8,19,0,246,185,190,50,37,3,3,0,50,20
1010,0,873,8,12,1,1,1.3,42,19,0,246,475,75,50,166,3,3,0,50,20
1011,0,874,8,16,0,-1,2.5,520,249,0,0,470,60,50,165,5,10,0,50,25
1012,0,875,8,12,0,-1,1.4,89,248,0,0,470,60,50,165,5,5,2,50,25
1013,0,875,8,12,0,-1,1.4,89,248,0,0,470,60,50,165,5,5,2,50,25
1014,0,876,8,15,13,-1,0.9,28,39,28,227,475,30,140,166,2,6,0,100,40
1015,0,876,8,15,13,-1,0.9,28,20,28,227,475,30,140,166,2,6,0,0,40
1016,0,877,8,4,2,-1,0.3,3,258,0,0,436,180,50,153,3,6,5,50,10
1017,0,877,8,4,2,-1,0.3,3,258,0,0,436,180,50,153,3,6,5,50,10
1018,0,878,8,17,0,0,1.2,100,125,0,134,330,190,50,66,3,5,10,50,25
1019,0,879,8,17,0,1,3,650,125,0,134,500,90,50,175,3,5,10,50,25
1020,0,880,8,4,3,-1,1.8,190,10,55,146,505,45,50,177,5,15,0,0,35
1021,0,881,8,4,12,-1,2.3,150,10,9,202,505,45,50,177,5,15,0,0,35
1022,0,882,8,18,3,-1,2.3,215,11,173,146,505,45,50,177,5,15,0,0,35
1023,0,883,8,18,12,-1,2,175,11,115,202,505,45,50,177,5,15,0,0,35
1024,0,884,8,17,3,-1,1.8,40,135,134,242,535,45,50,187,3,14,10,50,30
1025,0,885,8,3,9,0,0.5,2,29,151,130,270,45,50,54,5,11,14,50,40
1026,0,886,8,3,9,1,1.4,11,29,151,130,410,45,50,144,5,11,14,50,40
1027,5,887,8,3,9,2,3,50,29,151,130,600,45,50,300,5,11,14,50,40
1028,1,888,8,5,17,-1,2.8,355,234,0,0,720,10,0,360,5,15,0,0,120
1029,1,888,8,5,0,-1,2.8,110,234,0,0,670,10,0,335,5,15,0,0,120
1030,1,889,8,6,17,-1,2.9,785,235,0,0,720,10,0,360,5,15,0,0,120
1031,1,889,8,6,0,-1,2.9,210,235,0,0,670,10,0,335,5,15,0,0,120
1032,1,890,8,14,3,-1,20,950,46,0,0,690,255,0,345,5,15,0,0,120
1033,1,890,8,14,3,-1,100,0,46,0,0,1125,0,0,563,5,15,0,0,120
1034,2,891,8,6,0,0,0.6,12,39,0,0,385,3,50,77,5,15,0,87.5,120
1035,2,892,8,6,2,1,1.9,105,260,0,0,550,3,50,275,5,15,0,87.5,120
1036,2,892,8,6,18,1,1.9,105,260,0,0,550,3,50,275,5,15,0,0,120
1037,3,893,8,2,10,-1,1.8,70,102,0,0,600,3,0,300,5,15,0,0,120
1038,2,894,8,4,0,-1,1.2,145,262,0,0,580,3,35,290,5,15,0,0,120
1039,2,895,8,3,0,-1,2.1,200,0,0,0,580,3,35,290,5,15,0,0,120
1040,2,896,8,12,0,-1,2.2,800,264,0,0,580,3,35,290,5,15,0,0,120
1041,2,897,8,9,0,-1,2,44.5,265,0,0,580,3,35,290,5,15,0,0,120
1042,1,898,8,15,10,-1,1.1,7.7,127,0,0,500,3,100,250,5,15,0,0,120
1043,1,898,8,15,12,-1,2.4,809.1,266,0,0,680,3,100,340,5,15,0,0,120
1044,1,898,8,15,9,-1,2.4,53.6,267,0,0,680,3,100,340,5,15,0,0,120
